Date,Last Price,Open Price,High Price,Low Price,SMAVG (200),SMAVG (50),G 1 Comdty - Volume
2020-09-21,,,,,,,
2020-09-18,137.53,,,,136.09,137.43,
2020-09-17,137.55,136.9,136.9,136.9,136.06,137.43,39
2020-09-16,137.07,137.21,137.21,137.06,136.03,137.43,14
2020-09-15,137.11,137.35,137.36,137.04,136,137.44,541
2020-09-14,137.33,137.59,137.61,137.4,135.97,137.44,2109
2020-09-11,137.49,137.11,137.48,137.11,135.95,137.44,465
2020-09-10,136.82,136.67,136.91,136.66,135.92,137.44,220
2020-09-09,136.83,137.42,137.49,136.96,135.89,137.45,38
2020-09-08,137.56,136.7,137.62,136.7,135.87,137.46,265
2020-09-07,136.73,136.41,136.72,136.4,135.85,137.47,1128
2020-09-04,136.67,136.78,136.82,136.49,135.82,137.51,2058
2020-09-03,136.96,136.92,137.02,136.68,135.8,137.54,698
2020-09-02,136.84,136.33,136.94,136.33,135.78,137.57,1591
2020-09-01,135.98,136.02,136.16,135.58,135.75,137.59,6334
2020-08-28,135.95,135.44,136,135.26,135.73,137.64,9236
2020-08-27,135.63,136.25,136.55,135.55,135.71,137.68,25504
2020-08-26,136.03,136.2,136.44,135.94,135.69,137.72,227131
2020-08-25,136.47,137.06,137.06,136.32,135.67,137.77,481910
2020-08-24,137.21,137.15,137.39,137.09,135.64,137.8,431967
2020-08-21,137.16,136.91,137.34,136.86,135.61,137.82,320871
2020-08-20,136.98,136.92,137.19,136.8,135.58,137.84,164891
2020-08-19,136.91,137.11,137.4,136.82,135.55,137.87,200398
2020-08-18,137.05,137.16,137.27,136.82,135.52,137.87,215784
2020-08-17,137.03,136.82,137.12,136.71,135.49,137.87,132020
2020-08-14,136.71,136.72,136.84,136.56,135.47,137.85,143943
2020-08-13,136.7,136.96,137.15,136.54,135.44,137.85,172465
2020-08-12,136.81,137.02,137.12,136.74,135.41,137.85,252872
2020-08-11,137.24,138.08,138.13,137.17,135.39,137.85,279978
2020-08-10,138.12,137.8,138.34,137.69,135.37,137.87,156589
2020-08-07,137.97,138.33,138.47,137.78,135.34,137.86,169570
2020-08-06,138.47,137.89,138.6,137.86,135.31,137.87,224548
2020-08-05,138.13,138.73,138.78,138.03,135.28,137.86,210289
2020-08-04,138.73,138.48,138.93,138.37,135.25,137.87,219935
2020-08-03,138.49,138.34,138.55,138.27,135.22,137.85,132082
2020-07-31,138.55,138.7,138.86,138.32,135.19,137.85,181089
2020-07-30,138.65,138.47,138.81,138.41,135.15,137.85,199818
2020-07-29,138.27,138.44,138.56,138.21,135.12,137.85,154268
2020-07-28,138.39,138.18,138.51,138.08,135.08,137.84,213532
2020-07-27,138.34,138.05,138.38,137.95,135.05,137.82,136787
2020-07-24,137.9,138.34,138.46,137.82,135.02,137.8,167028
2020-07-23,138.22,138.2,138.44,138.13,134.99,137.8,172181
2020-07-22,138.27,137.96,138.29,137.94,134.96,137.8,158140
2020-07-21,138.01,137.79,138.07,137.73,134.93,137.79,175817
2020-07-20,137.89,137.54,137.98,137.51,134.91,137.78,105133
2020-07-17,137.76,137.95,138.06,137.65,134.89,137.77,137107
2020-07-16,138.09,137.82,138.2,137.74,134.88,137.77,209307
2020-07-15,137.65,137.76,137.88,137.36,134.86,137.76,218541
2020-07-14,137.88,137.69,138.01,137.59,134.85,137.76,221872
2020-07-13,137.38,137.61,137.81,137.25,134.83,137.76,133524
2020-07-10,137.88,137.92,138.15,137.74,134.81,137.77,155041
2020-07-09,137.77,137.42,137.88,137.4,134.8,137.76,206712
2020-07-08,137.52,137.66,137.82,137.38,134.78,137.76,145132
2020-07-07,137.46,137.33,137.69,137.21,134.76,137.75,184602
2020-07-06,137.24,137.25,137.28,137.01,134.75,137.74,114282
2020-07-03,137.43,137.33,137.57,137.22,134.74,137.73,81937
2020-07-02,137.43,137.19,137.45,137.03,134.72,137.73,210405
2020-07-01,137.08,137.23,137.42,136.95,134.71,137.72,222342
2020-06-30,137.64,137.8,137.98,137.46,134.69,137.71,203746
2020-06-29,137.8,137.39,137.84,137.32,134.67,137.7,124694
2020-06-26,138.52,138.6,138.62,138.52,134.65,137.67,269
2020-06-25,138.62,138.54,138.56,138.54,134.62,137.64,55
2020-06-24,138.24,,,,134.59,137.61,311
2020-06-23,138.05,,,,134.56,137.58,19
2020-06-22,138.3,138.18,138.2,138.18,134.54,137.55,15
2020-06-19,137.76,,,,134.52,137.52,8900
2020-06-18,137.88,138.49,138.62,137.55,134.49,137.5,5171
2020-06-17,138.36,,,,134.47,137.46,1062
2020-06-16,138.26,137.87,137.87,137.87,134.46,137.41,6
2020-06-15,138.09,138.38,138.38,138.24,134.44,137.37,152
2020-06-12,138.07,138.23,138.29,137.85,134.42,137.35,846
2020-06-11,138.28,137.99,138.29,137.79,134.41,137.32,3284
2020-06-10,137.33,136.62,137.47,136.62,134.4,137.29,3165
2020-06-09,136.65,136.79,136.86,136.5,134.39,137.26,2882
2020-06-08,136.47,136.43,136.62,136.31,134.38,137.26,648
2020-06-05,136.23,136.51,136.73,136.14,134.38,137.27,2899
2020-06-04,136.81,137.25,137.41,136.74,134.38,137.29,2857
2020-06-03,137.14,137.65,137.66,137.15,134.36,137.27,2387
2020-06-02,137.88,138.04,138.15,137.78,134.35,137.24,4958
2020-06-01,137.8,138.21,138.28,137.7,134.33,137.21,4872
2020-05-29,138.4,138.33,138.5,138.2,134.31,137.16,8701
2020-05-28,138.14,138.2,138.35,137.99,134.29,137.02,27671
2020-05-27,138.33,138.18,138.36,137.8,134.28,136.9,276957
2020-05-26,138,138.14,138.44,137.92,134.26,136.83,488455
2020-05-25,138.51,,,,134.24,136.79,
2020-05-22,138.51,138.63,138.99,138.28,134.22,136.76,357345
2020-05-21,138.47,138.08,138.57,137.96,134.2,136.75,312289
2020-05-20,137.66,137.64,137.94,137.58,134.18,136.74,255764
2020-05-19,137.56,137.39,137.81,136.94,134.17,136.77,342743
2020-05-18,137.48,137.71,138.13,137.37,134.15,136.81,144010
2020-05-15,137.82,138.17,138.4,137.68,134.13,136.84,130586
2020-05-14,137.96,138.27,138.37,137.8,134.11,136.83,236482
2020-05-13,137.89,137.8,138.08,137.7,134.09,136.81,246153
2020-05-12,137.57,137.05,137.68,137.04,134.07,136.79,307307
2020-05-11,137.36,137.5,137.59,137.18,134.05,136.77,147842
2020-05-08,137.69,,,,134.03,136.75,
2020-05-07,137.69,137.4,137.88,137.24,134,136.71,217004
2020-05-06,137.71,137.89,138,137.54,133.98,136.66,267709
2020-05-05,138.08,137.5,138.17,137.49,133.95,136.61,245063
2020-05-04,137.74,137.46,137.86,137.45,133.92,136.55,116484
2020-05-01,137.35,137.64,137.86,137.24,133.89,136.49,98502
2020-04-30,137.7,137.17,137.88,136.95,133.86,136.42,229730
2020-04-29,137.1,137.15,137.33,136.98,133.83,136.35,206921
2020-04-28,137.03,136.93,137.15,136.77,133.8,136.28,177172
2020-04-27,136.81,136.97,137.13,136.74,133.78,136.21,83617
2020-04-24,137.06,137.31,137.45,136.84,133.75,136.15,115384
2020-04-23,137.03,136,137.17,135.93,133.72,136.07,194736
2020-04-22,136.72,136.75,136.9,136.5,133.68,136.01,193909
2020-04-21,136.98,136.65,137.07,136.52,133.65,135.96,229639
2020-04-20,136.56,136.81,136.91,136.42,133.62,135.91,98503
2020-04-17,136.94,136.71,137.13,136.7,133.59,135.87,103188
2020-04-16,136.93,136.69,137.09,136.69,133.57,135.81,236633
2020-04-15,136.99,136.81,137,136.63,133.54,135.75,252063
2020-04-14,136.52,136.74,136.94,136.38,133.51,135.7,159550
2020-04-13,136.7,,,,133.49,135.66,
2020-04-09,136.7,136.01,136.93,135.93,133.47,135.63,174565
2020-04-08,135.9,135.98,136.18,135.74,133.44,135.59,196444
2020-04-07,135.8,136.13,136.52,135.53,133.42,135.57,213735
2020-04-06,136.53,136.44,136.68,136.22,133.39,135.55,70692
2020-04-03,136.72,136.6,136.92,136.55,133.36,135.52,105399
2020-04-02,136.56,136.5,136.96,136.36,133.33,135.47,175588
2020-04-01,136.84,136.9,137.19,136.64,133.31,135.42,202379
2020-03-31,136.19,136.2,136.72,135.3,133.28,135.35,223803
2020-03-30,136.69,136.69,137.31,136.5,133.26,135.3,121090
2020-03-27,136.91,,,,133.23,135.23,
2020-03-26,136.79,136.74,136.81,136.74,133.2,135.16,70
2020-03-25,136.05,,,,133.18,135.1,10
2020-03-24,135.81,136.26,136.26,135.81,133.15,135.04,170
2020-03-23,136.46,,,,133.13,134.97,546
2020-03-20,134.84,,,,133.1,134.89,15
2020-03-19,131.62,132.24,132.35,130.18,133.08,134.82,442
2020-03-18,132.06,133.1,133.1,132.44,133.08,134.82,380
2020-03-17,135.09,135.38,135.67,135.38,133.08,134.81,1113
2020-03-16,135.92,137.01,137.18,137.01,133.06,134.74,310
2020-03-13,136.8,137.51,137.51,136.94,133.04,134.66,103
2020-03-12,138.17,139.05,139.05,138.65,133.01,134.57,215
2020-03-11,138.07,138.18,138.45,137.84,132.97,134.44,636
2020-03-10,138.83,137.86,138.4,137.86,132.93,134.3,457
2020-03-09,139.58,140.27,140.32,139.7,132.89,134.14,169
2020-03-06,139.01,138.44,138.93,138.44,132.85,133.98,656
2020-03-05,137.54,136.75,137.56,136.75,132.81,133.82,1042
2020-03-04,137.05,137.3,137.42,136.83,132.77,133.7,1551
2020-03-03,136.73,136.25,136.85,135.96,132.73,133.58,4103
2020-03-02,136.54,136.12,137.06,136.12,132.7,133.47,24358
2020-02-28,136.17,136.57,136.66,136.05,132.67,133.35,32696
2020-02-27,135.88,135.53,136.26,135.4,132.63,133.25,29395
2020-02-26,135.33,135.1,135.82,135.05,132.59,133.16,246498
2020-02-25,135.28,134.71,135.37,134.61,132.56,133.06,566828
2020-02-24,134.91,134.79,135.43,134.65,132.53,132.97,717619
2020-02-21,134.49,134.42,134.6,134.09,132.5,132.89,457684
2020-02-20,134.2,134.05,134.3,133.91,132.47,132.82,250146
2020-02-19,133.91,133.66,134.08,133.64,132.44,132.76,179428
2020-02-18,133.77,133.83,133.87,133.57,132.41,132.71,196158
2020-02-17,133.46,133.35,133.65,133.31,132.38,132.66,79123
2020-02-14,133.72,133.42,133.88,133.36,132.35,132.61,214135
2020-02-13,133.44,134.17,134.32,133.22,132.32,132.57,347334
2020-02-12,133.76,134.01,134.14,133.72,132.29,132.55,186482
2020-02-11,134.33,134.2,134.52,133.98,132.26,132.5,283116
2020-02-10,134.47,134.29,134.6,134.15,132.22,132.46,149445
2020-02-07,134.3,134.27,134.5,134,132.19,132.41,200428
2020-02-06,134.04,133.8,134.14,133.57,132.15,132.37,186650
2020-02-05,133.96,134.55,134.59,133.61,132.12,132.35,248079
2020-02-04,134.49,134.71,134.84,134.25,132.09,132.31,222163
2020-02-03,134.83,134.85,135.11,134.59,132.05,132.26,180952
2020-01-31,134.94,134.64,135.02,134.42,132.02,132.19,260155
2020-01-30,134.73,135.31,135.52,134.4,131.98,132.13,335842
2020-01-29,134.89,134.68,135.01,134.56,131.94,132.07,185863
2020-01-28,134.62,135.03,135.28,134.43,131.9,132,242010
2020-01-27,135.1,134.64,135.17,134.56,131.87,131.94,198188
2020-01-24,134.35,133.86,134.52,133.55,131.82,131.88,261131
2020-01-23,134.08,133.72,134.13,133.55,131.79,131.82,204847
2020-01-22,133.5,133.44,133.73,133.22,131.75,131.75,215664
2020-01-21,133.56,133.38,133.65,133.04,131.72,131.7,240212
2020-01-20,133.32,133.64,133.73,133.22,131.69,131.65,93555
2020-01-17,133.45,133.26,133.76,133.18,131.66,131.61,203609
2020-01-16,133.42,133.19,133.53,133.04,131.64,131.57,210518
2020-01-15,133.29,132.58,133.51,132.58,131.61,131.53,251303
2020-01-14,132.41,132.12,132.47,132.1,131.58,131.5,202599
2020-01-13,132.01,132.18,132.32,131.94,131.56,131.5,201622
2020-01-10,131.77,131.42,131.92,131.31,131.54,131.51,181616
2020-01-09,131.21,131.14,131.66,131.04,131.53,131.52,224609
2020-01-08,131.56,131.82,131.83,131.17,131.52,131.53,181225
2020-01-07,131.69,131.67,131.93,131.3,131.51,131.54,216320
2020-01-06,131.95,132.62,132.62,131.77,131.5,131.55,183580
2020-01-03,132.23,132.05,132.52,131.97,131.47,131.57,150928
2020-01-02,131.7,130.76,131.92,130.63,131.44,131.57,195899
2019-12-31,131.38,130.87,131.48,130.71,131.41,131.57,65332
2019-12-30,130.81,131.7,131.92,130.68,131.38,131.57,148786
2019-12-27,131.32,,,,131.35,131.59,63
2019-12-26,131.25,,,,131.32,131.6,
2019-12-24,131.25,131.22,131.22,130.72,131.28,131.62,33
2019-12-23,131.11,131.52,131.54,131.4,131.25,131.63,5917
2019-12-20,131.13,130.68,130.73,130.68,131.21,131.66,23893
2019-12-19,130.74,,,,131.17,131.67,7590
2019-12-18,131.07,131.46,131.48,131.2,131.14,131.73,752
2019-12-17,131.24,131.25,131.25,131.2,131.11,131.8,1269
2019-12-16,130.58,131.17,131.17,130.88,131.07,131.88,1757
2019-12-13,130.9,130.19,130.56,130.19,131.04,131.96,422
2019-12-12,130.67,131.49,131.53,130.89,131.01,132.04,4046
2019-12-11,131.15,131.14,131.14,131.06,130.97,132.12,3118
2019-12-10,131,131.18,131.18,130.91,130.93,132.18,17720
2019-12-09,131.3,131.39,131.55,131.39,130.89,132.25,1066
2019-12-06,131.31,131.21,131.53,131.13,130.85,132.31,1816
2019-12-05,131.2,131.47,131.48,131.2,130.81,132.36,3963
2019-12-04,131.65,132.49,132.49,131.55,130.77,132.43,10186
2019-12-03,132.24,131.46,132.33,131.34,130.73,132.5,8342
2019-12-02,131.56,131.57,131.74,131.35,130.69,132.55,4610
2019-11-29,132.05,132.31,132.44,131.9,130.65,132.61,11989
2019-11-28,132.33,132.19,132.46,132.19,130.61,132.64,27735
2019-11-27,132.28,132.69,132.69,132.19,130.57,132.66,190072
2019-11-26,132.68,132.04,132.77,132.04,130.53,132.69,497721
2019-11-25,132.12,131.96,132.28,131.77,130.49,132.69,691716
2019-11-22,132,131.26,132.16,131.1,130.45,132.71,343097
2019-11-21,131.44,131.84,131.89,131.17,130.41,132.71,262390
2019-11-20,131.75,132.17,132.28,131.63,130.37,132.75,193319
2019-11-19,131.68,131.44,131.77,131.36,130.33,132.79,181038
2019-11-18,131.58,131.6,131.75,131.32,130.29,132.82,152305
2019-11-15,131.77,131.71,131.9,131.59,130.26,132.87,129650
2019-11-14,131.85,131.37,131.93,131.36,130.22,132.94,162388
2019-11-13,131.38,130.86,131.59,130.86,130.18,132.98,158007
2019-11-12,130.78,130.65,130.98,130.51,130.14,133.05,138375
2019-11-11,130.87,131.02,131.22,130.74,130.1,133.16,99944
2019-11-08,130.97,131.24,131.29,130.49,130.06,133.26,209125
2019-11-07,131.25,131.54,131.74,130.71,130.02,133.34,219936
2019-11-06,131.62,131.14,131.91,131.05,129.98,133.43,156234
2019-11-05,131.32,131.5,131.79,131.07,129.94,133.52,221521
2019-11-04,131.83,132.24,132.32,131.68,129.9,133.59,128097
2019-11-01,132.3,132.69,132.92,132.26,129.85,133.64,157239
2019-10-31,132.84,132.52,133.01,132.44,129.81,133.68,222835
2019-10-30,132.19,131.79,132.26,131.66,129.76,133.7,156690
2019-10-29,131.83,131.78,132.13,131.58,129.71,133.75,178852
2019-10-28,131.76,132.12,132.31,131.61,129.67,133.81,162145
2019-10-25,132.36,132.45,132.64,132.1,129.62,133.86,188181
2019-10-24,132.73,132.19,132.93,131.8,129.57,133.9,204213
2019-10-23,132.18,132.33,132.48,131.95,129.52,133.95,178161
2019-10-22,131.97,131.4,132.03,131.34,129.47,134.01,211578
2019-10-21,131.39,131.62,131.62,130.98,129.43,134.05,157690
2019-10-18,131.75,131.82,131.95,131.43,129.39,134.11,190276
2019-10-17,131.92,132.18,132.28,130.8,129.34,134.16,279271
2019-10-16,132.01,132.12,132.84,131.47,129.3,134.2,321414
2019-10-15,131.86,132.52,132.95,131.64,129.26,134.25,289850
2019-10-14,132.54,132.48,132.9,132.34,129.21,134.29,158745
2019-10-11,131.8,133.2,133.55,131.66,129.17,134.32,365790
2019-10-10,133.62,134.5,134.67,132.99,129.13,134.36,230538
2019-10-09,134.62,135.01,135.1,134.5,129.08,134.35,155364
2019-10-08,135.17,134.62,135.24,134.51,129.02,134.31,177755
2019-10-07,134.76,134.8,134.95,134.61,128.96,134.26,116395
2019-10-04,134.9,134.61,134.95,134.54,128.91,134.22,165916
2019-10-03,134.42,134.43,134.93,134.31,128.86,134.16,203514
2019-10-02,134.21,134.09,134.33,133.81,128.8,134.11,224061
2019-10-01,134.5,134.11,134.56,133.3,128.75,134.07,319256
2019-09-30,134.24,133.9,134.5,133.9,128.7,134.02,221766
2019-09-27,134.08,133.75,134.48,133.75,128.65,133.97,201721
2019-09-26,134.71,134.76,134.76,134.69,128.6,133.92,1727
2019-09-25,134.79,135.05,135.06,134.95,128.54,133.85,1060
2019-09-24,134.72,134.55,134.55,134.55,128.49,133.78,3
2019-09-23,134.68,134.46,134.46,134.41,128.44,133.7,9234
2019-09-20,133.61,133.18,133.32,133.18,128.39,133.62,12
2019-09-19,133.56,133.6,133.6,133.6,,133.55,22
2019-09-18,133.42,133.37,133.37,133.34,,133.49,5164
2019-09-17,132.96,132.94,132.97,132.85,,133.45,1173
2019-09-16,132.94,132.71,132.71,132.71,,133.42,7
2019-09-13,132.13,132.97,132.97,132.23,,133.4,2046
2019-09-12,133.48,133.64,133.66,133.08,,133.39,144
2019-09-11,133.48,133.07,133.51,133.06,,133.36,584
2019-09-10,133.57,133.75,133.75,133.46,,133.33,2315
2019-09-09,133.89,134.52,134.52,133.97,,133.29,55
2019-09-06,135.08,134.09,135.09,134.09,,133.23,8007
2019-09-05,133.9,134.94,134.94,133.44,,133.13,7586
2019-09-04,134.94,135.85,135.85,134.84,,133.06,1710
2019-09-03,136.19,136.36,136.8,136.17,,133,11158
2019-09-02,135.85,135.42,135.96,135.38,,132.91,9405
2019-08-30,135.26,135.74,135.74,135.19,,132.82,44971
2019-08-29,135.82,135.74,135.87,135.52,,132.74,35410
2019-08-28,135.79,135.09,135.84,135.06,,132.66,227573
2019-08-27,135.05,134.47,135.11,134.33,,132.56,684469
2019-08-26,134.21,,,,,132.49,
2019-08-23,134.21,133.78,134.5,133.38,,132.43,420688
2019-08-22,134.01,134.7,134.71,133.78,,132.37,340163
2019-08-21,134.66,134.54,134.76,134.25,,132.32,160186
2019-08-20,134.69,134.58,135.15,134.52,,132.24,208845
2019-08-19,134.38,134.54,134.63,133.99,,132.17,179229
2019-08-16,134.54,135.09,135.23,134.25,,132.11,237021
2019-08-15,135.25,134.84,135.34,134.64,,132.05,234899
2019-08-14,134.83,134.35,134.94,134.25,,131.97,187820
2019-08-13,134.3,134.62,134.69,133.91,,131.89,240942
2019-08-12,134.33,134.25,134.45,134.09,,131.82,119275
2019-08-09,134.28,134.25,134.53,134.03,,131.75,156871
2019-08-08,133.84,134.06,134.17,133.73,,131.68,214825
2019-08-07,134.43,134.22,135.01,134.21,,131.61,262022
2019-08-06,133.99,134.09,134.2,133.76,,131.53,206121
2019-08-05,134.1,134.01,134.31,133.91,,131.46,221273
2019-08-02,133.49,133.76,133.85,133.33,,131.37,253905
2019-08-01,133.24,132.78,133.38,132.67,,131.3,240262
2019-07-31,132.83,132.75,133.01,132.5,,131.23,231459
2019-07-30,132.64,132.71,132.76,132.38,,131.16,159220
2019-07-29,132.47,132.32,132.75,132.21,,131.07,142416
2019-07-26,132.08,132,132.14,131.79,,131,137692
2019-07-25,131.85,132.33,132.58,131.57,,130.93,223547
2019-07-24,132.19,131.97,132.3,131.89,,130.87,171588
2019-07-23,132.08,131.59,132.11,131.58,,130.8,185897
2019-07-22,131.77,131.36,131.82,131.36,,130.72,146158
2019-07-19,131.49,131.35,131.56,131.27,,130.65,108242
2019-07-18,131.21,131.4,131.52,131.05,,130.58,164949
2019-07-17,131.2,130.9,131.3,130.7,,130.52,191019
2019-07-16,130.56,130.78,131.07,130.52,,130.45,196257
2019-07-15,130.84,130.36,130.91,130.35,,130.39,147206
2019-07-12,130.41,130.22,130.54,130.14,,130.31,167791
2019-07-11,130.36,131.26,131.39,130.28,,130.24,228705
2019-07-10,131.32,131.23,131.51,130.89,,130.18,215683
2019-07-09,131.7,131.7,131.83,131.4,,130.11,205026
2019-07-08,131.87,131.7,132,131.68,,130.02,125657
2019-07-05,131.38,132.16,132.28,131.32,,129.93,191675
2019-07-04,132.18,132.03,132.45,131.86,,129.86,119714
2019-07-03,132.03,131.95,132.29,131.78,,129.77,241627
2019-07-02,131.57,130.76,131.72,130.69,,129.68,262444
2019-07-01,130.76,130.13,130.84,130.1,,129.58,187009
2019-06-28,130.3,130.35,130.55,130.26,,129.51,200630
2019-06-27,130.46,130.24,130.53,130.04,,129.45,179611
2019-06-26,131.59,131.6,131.6,131.59,,129.37,449
2019-06-25,131.78,131.66,131.67,131.42,,129.28,1368
2019-06-24,131.57,131.37,131.37,131.37,,129.18,6712
2019-06-21,131.13,131.41,131.41,131.29,,129.09,485
2019-06-20,131.64,131.45,131.45,131.45,,129.02,1860
2019-06-19,130.98,131.13,131.13,131.02,,128.95,1854
2019-06-18,131.7,131.68,131.68,131.68,,128.89,4488
2019-06-17,131.11,131.2,131.2,131.09,,128.82,134
2019-06-14,131.19,131.54,131.54,131.22,,128.76,1593
2019-06-13,131.29,131.39,131.39,131.32,,128.7,123
2019-06-12,130.92,131.18,131.3,130.82,,128.65,1723
2019-06-11,131.17,131.29,131.29,130.9,,128.61,4869
2019-06-10,131.29,131.23,131.38,131.11,,128.57,579
2019-06-07,131.57,131.54,131.58,131.41,,128.53,1625
2019-06-06,131.33,131.05,131.4,131,,128.48,7843
2019-06-05,130.92,130.82,131.15,130.66,,128.38,1050
2019-06-04,130.57,131,131,130.49,,128.27,4458
2019-06-03,130.91,130.8,131.02,130.8,,128.18,5454
2019-05-31,130.6,130.9,131.08,130.6,,128.08,37432
2019-05-30,130.56,130.3,130.6,130.16,,127.97,25841
2019-05-29,130.47,130.42,130.64,130.32,,127.85,216209
2019-05-28,130.22,130.17,130.37,130.07,,127.72,584047
2019-05-27,129.91,,,,,127.6,
2019-05-24,129.91,129.85,130.03,129.63,,127.48,559643
2019-05-23,129.8,129.52,130.07,129.39,,127.36,311944
2019-05-22,129.05,128.68,129.33,128.68,,127.24,208639
2019-05-21,128.38,128.55,128.86,128.19,,127.15,197705
2019-05-20,128.69,128.87,128.96,128.63,,127.07,114425
2019-05-17,128.92,128.77,129.31,128.6,,126.97,162833
2019-05-16,128.61,128.8,129.03,128.5,,126.88,151166
2019-05-15,128.59,128.35,129.05,128.33,,126.79,216105
2019-05-14,128.29,128.18,128.4,128.02,,126.68,228813
2019-05-13,128.25,127.92,128.34,127.86,,126.58,142347
2019-05-10,127.95,127.9,128.1,127.8,,126.47,146429
2019-05-09,128.05,127.95,128.31,127.81,,126.37,171259
2019-05-08,127.87,127.59,128.33,127.56,,126.28,223433
2019-05-07,127.54,127.13,127.66,127.09,,126.2,180368
2019-05-06,126.93,,,,,126.13,
2019-05-03,126.93,127.18,127.44,126.85,,126.08,158689
2019-05-02,127.27,127.23,127.85,127.13,,126.01,206707
2019-05-01,127.61,127.33,127.72,127.22,,125.94,94895
2019-04-30,127.32,127.55,127.72,126.94,,125.87,234853
2019-04-29,127.67,127.63,127.73,127.49,,125.81,125417
2019-04-26,127.75,127.63,127.91,127.48,,125.74,144153
2019-04-25,127.62,127.47,127.69,127.3,,125.67,140765
2019-04-24,127.45,126.99,127.46,126.98,,125.59,202792
2019-04-23,126.84,127.03,127.05,126.74,,125.52,165159
2019-04-22,127.14,,,,,125.47,
2019-04-18,127.14,126.6,127.25,126.6,,125.41,163371
2019-04-17,126.67,126.78,126.79,126.55,,125.35,185875
2019-04-16,126.88,126.95,127.05,126.7,,125.29,233409
2019-04-15,126.85,126.96,126.99,126.61,,125.22,189286
2019-04-12,126.89,127.73,127.95,126.85,,125.15,203281
2019-04-11,127.66,128.2,128.21,127.57,,125.08,166072
2019-04-10,128.3,128.17,128.37,127.87,,124.99,149811
2019-04-09,128.11,128.12,128.27,127.82,,124.89,180896
2019-04-08,128.12,128.04,128.22,127.97,,124.79,125428
2019-04-05,128.01,128.13,128.22,127.78,,124.69,173594
2019-04-04,128.35,128.33,128.51,128.22,,124.59,158491
2019-04-03,128.47,128.57,128.66,128.09,,124.49,221788
2019-04-02,129.33,129.1,129.42,128.97,,124.37,215659
2019-04-01,128.86,129.05,129.38,128.7,,124.24,165707
2019-03-29,129.37,129.48,129.61,128.94,,124.11,237039
2019-03-28,129.28,129.4,129.73,129.18,,123.97,199731
2019-03-27,125.93,125.93,125.93,125.92,,123.84,4444
2019-03-26,125.77,125.87,125.89,125.74,,123.77,1084
2019-03-25,125.98,,,,,123.72,695
2019-03-22,125.75,125.76,125.76,125.76,,123.66,374
2019-03-21,125.34,124.9,125.12,124.9,,123.6,1705
2019-03-20,124.53,124.41,124.5,124.36,,123.56,1834
2019-03-19,124.09,124.23,124.23,123.92,,123.54,1303
2019-03-18,124.15,123.89,124.15,123.89,,123.52,4455
2019-03-15,123.92,123.71,124.05,123.7,,123.5,2347
2019-03-14,123.73,123.81,123.81,123.6,,123.49,1337
2019-03-13,123.98,124.08,124.08,124.08,,123.5,4309
2019-03-12,124.26,123.55,124.29,123.55,,123.49,3502
2019-03-11,124.3,124.32,124.34,124.09,,123.47,6538
2019-03-08,124.09,124.19,124.2,124,,123.45,9259
2019-03-07,124.37,123.76,124.36,123.75,,123.45,2578
2019-03-06,123.73,123.38,123.78,123.34,,123.45,4385
2019-03-05,123.16,123.21,123.53,123.17,,123.45,22665
2019-03-04,123.25,122.94,123.38,122.89,,123.46,13211
2019-03-01,123.07,122.98,123.14,122.89,,123.48,13274
2019-02-28,123.05,123.4,123.49,122.91,,123.5,39797
2019-02-27,123.22,123.93,124.34,123.16,,123.51,74329
2019-02-26,123.9,124.01,124.14,123.82,,123.53,384383
2019-02-25,124.08,124.06,124.13,123.93,,123.54,610202
2019-02-22,124.22,123.93,124.35,123.9,,123.54,568884
2019-02-21,123.71,123.89,123.95,123.53,,123.54,436543
2019-02-20,123.97,124.02,124.18,123.89,,,202878
2019-02-19,124,124.16,124.29,123.98,,,173306
2019-02-18,124.08,124.09,124.2,123.99,,,80838
2019-02-15,124.08,124.28,124.3,123.97,,,147726
2019-02-14,124.3,123.98,124.49,123.94,,,219847
2019-02-13,123.92,123.91,124.19,123.75,,,181636
2019-02-12,123.97,123.85,124.13,123.84,,,141538
2019-02-11,124.12,124.44,124.44,123.89,,,167620
2019-02-08,124.35,124.15,124.41,124.02,,,134341
2019-02-07,124.05,123.77,124.26,123.69,,,231328
2019-02-06,123.64,123.72,123.75,123.47,,,177752
2019-02-05,123.52,123.1,123.59,122.98,,,268427
2019-02-04,123.05,123.2,123.42,122.98,,,161439
2019-02-01,123.33,123.49,123.68,123.2,,,189289
2019-01-31,123.53,123.52,123.65,123.36,,,254822
2019-01-30,123.2,123.27,123.32,123.07,,,158591
2019-01-29,123.17,123.15,123.34,122.93,,,186084
2019-01-28,123.11,122.61,123.24,122.61,,,183242
2019-01-25,122.79,123.03,123.21,122.63,,,191551
2019-01-24,123.18,122.85,123.35,122.64,,,205057
2019-01-23,122.64,122.89,122.89,122.36,,,188179
2019-01-22,122.67,122.91,122.96,122.53,,,207516
2019-01-21,122.68,122.6,122.84,122.56,,,103047
2019-01-18,122.4,122.37,122.57,122.15,,,178368
2019-01-17,122.52,122.83,122.92,122.46,,,187727
2019-01-16,122.7,123.03,123.04,122.41,,,269398
2019-01-15,123.2,122.82,123.3,122.69,,,170790
2019-01-14,122.91,123.02,123.29,122.58,,,161624
2019-01-11,122.9,123.2,123.51,122.78,,,228474
2019-01-10,123.14,123.65,123.7,123.05,,,217764
2019-01-09,123.41,123.1,123.52,122.89,,,182444
2019-01-08,123.23,123.18,123.33,123.08,,,206613
2019-01-07,123.43,123.35,123.66,123.14,,,151225
2019-01-04,123.16,123.9,123.91,123.11,,,224857
2019-01-03,124.02,124.03,124.16,123.44,,,246938
2019-01-02,123.75,123.44,124.19,123.43,,,195942
2018-12-31,123.17,123.27,123.36,122.85,,,51052
2018-12-28,123.3,123.05,123.48,122.86,,,97033
2018-12-27,124.18,124.2,124.2,124.18,,,496
2018-12-26,124.12,,,,,,
2018-12-24,124.12,123.92,123.92,123.9,,,3873
2018-12-21,123.6,,,,,,3529
2018-12-20,124.06,124.08,124.08,124.08,,,7646
2018-12-19,123.96,124.02,124.09,123.95,,,219
2018-12-18,123.84,124.38,124.38,124.05,,,102
2018-12-17,124.1,124.25,124.25,124.12,,,812
2018-12-14,124.42,124.19,124.19,124.19,,,1801
2018-12-13,124.1,123.96,124.37,123.96,,,6549
2018-12-12,124.15,124.86,124.86,124.2,,,7884
