Date,USGG10YR Index  (R1),USYC5Y30 Index  (R2),USSP10 Curncy  (L1)
2020-09-25,0.6528,113.034,2.63
2020-09-24,0.6659,113.097,2.1
2020-09-23,0.6724,114.445,1.38
2020-09-22,0.6708,115.572,1
2020-09-21,0.6658,114.731,0.75
2020-09-18,0.6937,116.907,0.63
2020-09-17,0.6887,116.019,0.5
2020-09-16,0.6969,117.565,0.5
2020-09-15,0.6789,115.719,0.75
2020-09-14,0.6723,114.636,0.5
2020-09-11,0.6658,115.842,1
2020-09-10,0.6772,114.968,0.63
2020-09-09,0.7001,117.574,0.22
2020-09-08,0.6788,115.228,0.22
2020-09-07,,,0.5
2020-09-04,0.718,117.079,0.55
2020-09-03,0.6347,111.161,1.75
2020-09-02,0.6477,112.567,1.5
2020-09-01,0.6689,116.523,0.75
2020-08-31,0.7048,120.576,0.5
2020-08-28,0.7211,123.054,0.5
2020-08-27,0.7522,119.496,0
2020-08-26,0.6884,112.608,0.25
2020-08-25,0.6835,109.881,-0.38
2020-08-24,0.6542,107.303,-0.88
2020-08-21,0.6282,107.478,0
2020-08-20,0.6509,110.941,-0.75
2020-08-19,0.6801,114.036,-1.75
2020-08-18,0.6687,111.683,-1.5
2020-08-17,0.6882,114.438,-1.13
2020-08-14,0.7094,115.102,-0.25
2020-08-13,0.7208,110.468,-2.13
2020-08-12,0.6747,106.825,-0.63
2020-08-11,0.6415,105.208,0.19
2020-08-10,0.5755,101.642,1.63
2020-08-07,0.564,100.102,1.25
2020-08-06,0.5362,98.339,0
2020-08-05,0.5477,99.823,-0.5
2020-08-04,0.5069,99.395,-0.23
2020-08-03,0.5543,101.012,-0.75
2020-07-31,0.5282,98.657,-0.75
2020-07-30,0.5462,97.471,-0.75
2020-07-29,0.5741,98.301,-0.75
2020-07-28,0.579,95.102,-0.5
2020-07-27,0.6151,97.329,-1
2020-07-24,0.5888,95.211,-0.75
2020-07-23,0.5774,95.882,-1
2020-07-22,0.5971,101.754,-1.63
2020-07-21,0.6004,104.308,-1.5
2020-07-20,0.6102,103.13,-2.25
2020-07-17,0.6266,104.387,-1.25
2020-07-16,0.6168,103.133,-1.75
2020-07-15,0.6299,104.237,-2
2020-07-14,0.6233,101.897,-2
2020-07-13,0.6184,102.119,-1.75
2020-07-10,0.6447,102.88,-1.38
2020-07-09,0.6135,102.86,-2
2020-07-08,0.6644,109.736,-2.75
2020-07-07,0.6397,108.615,-3
2020-07-06,0.6759,113.539,-2.78
2020-07-03,,,-2.5
2020-07-02,0.6693,112.982,-2.25
2020-07-01,0.6758,111.011,-2
2020-06-30,0.6561,112.129,-1.76
2020-06-29,0.6234,109.885,-1.52
2020-06-26,0.6413,106.591,-1.38
2020-06-25,0.6856,109.947,-1
2020-06-24,0.679,111.196,-1
2020-06-23,0.7118,116.024,-1.15
2020-06-22,0.7085,112.48,-1.47
2020-06-19,0.6937,113.003,-2
2020-06-18,0.7084,114.644,-2.25
2020-06-17,0.738,118.388,-2.67
2020-06-16,0.7528,119.889,-1.7
2020-06-15,0.7215,111.692,-1
2020-06-12,0.7034,112.597,-0.88
2020-06-11,0.669,107.736,-0.75
2020-06-10,0.7263,118.97,0
2020-06-09,0.8253,117.169,-1.25
2020-06-08,0.8752,119.303,-1.75
2020-06-05,0.8951,119.944,-1.5
2020-06-04,0.8234,122.178,-0.88
2020-06-03,0.7458,116.348,-1
2020-06-02,0.6852,116.785,-1
2020-06-01,0.6591,114.382,-0.75
2020-05-29,0.6526,110.122,-0.25
2020-05-28,0.69,111.193,-0.63
2020-05-27,0.6819,109.056,-1
2020-05-26,0.6965,109.517,-0.75
2020-05-25,,,0
2020-05-22,0.6591,103.387,0
2020-05-21,0.672,104.616,-1
2020-05-20,0.6801,105.852,-1.55
2020-05-19,0.6882,107.533,-1.75
2020-05-18,0.7257,106.31,-1.87
2020-05-15,0.6428,101.686,-1.88
2020-05-14,0.6218,98.425,-3.12
2020-05-13,0.6525,102.724,-3.63
2020-05-12,0.6651,104.398,-3.75
2020-05-11,0.7099,106.327,-5.25
2020-05-08,0.6831,104.749,-4.13
2020-05-07,0.6409,102.205,-3.45
2020-05-06,0.703,102.024,-3.7
2020-05-05,0.6619,95.542,-0.63
2020-05-04,0.6336,91.104,-0.5
2020-05-01,0.6118,89.63,0.5
2020-04-30,0.6393,92.084,0.5
2020-04-29,0.6269,88.125,1
2020-04-28,0.6129,82.758,0.9
2020-04-27,0.6605,85.04,1.75
2020-04-24,0.6008,79.456,3
2020-04-23,0.6015,80.886,3.62
2020-04-22,0.619,84.625,4.3
2020-04-21,0.5691,82.545,6.88
2020-04-20,0.6053,87.119,6.5
2020-04-17,0.6417,89.894,7
2020-04-16,0.6267,86.515,7.44
2020-04-15,0.6316,92.559,6.75
2020-04-14,0.752,97.977,7.05
2020-04-13,0.7713,95.588,7
2020-04-10,,,7.75
2020-04-09,0.7191,94.035,7.75
2020-04-08,0.7722,90.198,5.32
2020-04-07,0.7122,83.643,5.75
2020-04-06,0.6698,83.624,4.5
2020-04-03,0.5948,82.343,5.37
2020-04-02,0.597,85.961,5.75
2020-04-01,0.5832,86.49,9.62
2020-03-31,0.6695,93.834,4.5
2020-03-30,0.7264,92.132,0
2020-03-27,0.6746,86.774,-4
2020-03-26,0.8447,90.783,-8.5
2020-03-25,0.8673,91.784,-6.25
2020-03-24,0.8466,87.076,-9.25
2020-03-23,0.7863,93.556,-7.5
2020-03-20,0.8454,95.519,-8.25
2020-03-19,1.1404,109.086,-13.5
2020-03-18,1.1915,99.574,-12.38
2020-03-17,1.0784,93.944,-8.87
2020-03-16,0.7182,79.051,3.25
2020-03-13,0.9603,80.938,0
2020-03-12,0.8042,82.851,-4
2020-03-11,0.8695,68.474,0
2020-03-10,0.803,60.85,2.77
2020-03-09,0.5407,51.442,8
2020-03-06,0.7623,67.649,7.75
2020-03-05,0.912,86.124,0.52
2020-03-04,1.0522,91.636,-0.63
2020-03-03,0.999,86.83,-1.75
2020-03-02,1.1632,77.621,-1
2020-02-28,1.1486,73.798,-3.25
2020-02-27,1.2607,68.747,-5.5
2020-02-26,1.3371,66.122,-5.25
2020-02-25,1.3521,63.936,-6.5
2020-02-24,1.3705,62.347,-6.88
2020-02-21,1.4713,58.902,-7.38
2020-02-20,1.5152,59.546,-6.25
2020-02-19,1.5661,60.451,-5.75
2020-02-18,1.561,61.159,-6
2020-02-17,,,-5.5
2020-02-14,1.5848,62.155,-5.5
2020-02-13,1.6173,62.523,-5.12
2020-02-12,1.6333,63.708,-4.5
2020-02-11,1.6006,64.352,-5.5
2020-02-10,1.5696,64.926,-5.38
2020-02-07,1.5834,64.238,-4.43
2020-02-06,1.6422,64.578,-4
2020-02-05,1.6508,67.377,-4.1
2020-02-04,1.5991,65.63,-4.5
2020-02-03,1.5272,65.633,-4.5
2020-01-31,1.5068,68.468,-5.5
2020-01-30,1.5856,64.313,-5
2020-01-29,1.5839,63.171,-4.75
2020-01-28,1.6562,63.104,-5.38
2020-01-27,1.608,61.366,-5.75
2020-01-24,1.6839,62.625,-5
2020-01-23,1.7325,62.967,-5
2020-01-22,1.7691,64.511,-4.38
2020-01-21,1.7743,65.916,-3.75
2020-01-20,,,-4.25
2020-01-17,1.8215,65.954,-4.25
2020-01-16,1.8074,63.151,-4.25
2020-01-15,1.783,63.57,-3.75
2020-01-14,1.8109,64.843,-4
2020-01-13,1.8459,65.036,-5.25
2020-01-10,1.8196,64.468,-5.13
2020-01-09,1.8545,67.505,-5.63
2020-01-08,1.8738,69.794,-5.75
2020-01-07,1.8177,69.127,-5.5
2020-01-06,1.809,67.67,-6
2020-01-03,1.7881,65.325,-3.63
2020-01-02,1.8771,66.308,-3.12
2019-12-31,1.9175,69.77,-2.44
2019-12-30,1.8788,65.661,-3.13
2019-12-27,1.8752,63.49,-3.75
2019-12-26,1.8944,60.128,-4.25
2019-12-25,,,-4
2019-12-24,1.8996,61.836,-4
2019-12-23,1.9294,60.615,-4.38
2019-12-20,1.9171,60.987,-4
2019-12-19,1.9204,62.043,-5
2019-12-18,1.9169,61.234,-5.13
2019-12-17,1.8801,59.784,-4.75
2019-12-16,1.8713,58.356,-5.38
2019-12-13,1.8226,59.754,-6.75
2019-12-12,1.8922,58.282,-5.75
2019-12-11,1.7914,58.662,-7.25
2019-12-10,1.8416,57.701,-7.38
2019-12-09,1.819,59.69,-6.75
2019-12-06,1.8363,61.315,-6.88
2019-12-05,1.8103,62.526,-7
2019-12-04,1.774,62.567,-7.5
2019-12-03,1.7157,61.954,-7.56
2019-12-02,1.8189,62.203,-7.63
2019-11-29,1.7758,57.787,-7
2019-11-28,,,-8
2019-11-27,1.7654,55.927,-8
2019-11-26,1.7414,58.137,-8.63
2019-11-25,1.7551,58.878,-9
2019-11-22,1.7706,59.519,-10
2019-11-21,1.7723,61.093,-11.13
2019-11-20,1.7449,61.834,-10.25
2019-11-19,1.7826,62.753,-10.63
2019-11-18,1.8153,66.207,-10.25
2019-11-15,1.8308,65.629,-9.5
2019-11-14,1.8186,66.97,-9.75
2019-11-13,1.886,67.197,-9.75
2019-11-12,1.9347,67.538,-9.13
2019-11-11,,,-9.25
2019-11-08,1.9417,67.701,-9.38
2019-11-07,1.9173,66.458,-8.63
2019-11-06,1.8283,68.278,-8.38
2019-11-05,1.8584,67.279,-8.38
2019-11-04,1.777,66.663,-8.13
2019-11-01,1.7103,64.562,-8.38
2019-10-31,1.691,65.952,-8.98
2019-10-30,1.7715,64.436,-8.5
2019-10-29,1.8385,67.121,-8.5
2019-10-28,1.842,67.046,-8.25
2019-10-25,1.7943,66.448,-8.25
2019-10-24,1.766,67.74,-7.75
2019-10-23,1.7642,66.179,-7.5
2019-10-22,1.7607,66.464,-6.88
2019-10-21,1.7993,67.742,-6.5
2019-10-18,1.7536,68.167,-6.63
2019-10-17,1.7518,65.675,-7.5
2019-10-16,1.7395,66.229,-7.63
2019-10-15,1.771,63.611,-7.13
2019-10-14,,,-7.75
2019-10-11,1.729,63.823,-7.75
2019-10-10,1.6681,67.136,-8.88
2019-10-09,1.5836,67.879,-8.88
2019-10-08,1.5289,67.593,-9
2019-10-07,1.558,65.6,-7.88
2019-10-04,1.529,66.641,-8.25
2019-10-03,1.5341,68.318,-9.63
2019-10-02,1.5992,65.436,-9.25
2019-10-01,1.6353,59.994,-9.63
2019-09-30,1.6646,56.555,-10.25
2019-09-27,1.6801,56.504,-11
2019-09-26,1.6921,56.037,-12.5
2019-09-25,1.7372,57.555,-13.13
2019-09-24,1.6456,57.304,-13
2019-09-23,1.7267,56.918,-12
2019-09-20,1.7215,55.976,-11.5
2019-09-19,1.784,56.634,-12.75
2019-09-18,1.7961,56.254,-12.88
2019-09-17,1.8013,60.878,-11.5
2019-09-16,1.8467,61.755,-12
2019-09-13,1.8958,61.84,-11.19
2019-09-12,1.7715,61.92,-11.75
2019-09-11,1.7385,62.642,-11.75
2019-09-10,1.7316,62.326,-11.19
2019-09-09,1.6438,62.846,-11
2019-09-06,1.5602,58.89,-11.5
2019-09-05,1.5586,62.123,-11.25
2019-09-04,1.4657,65.007,-11.5
2019-09-03,1.4573,62.142,-12.25
2019-08-30,1.4961,57.445,-11.63
2019-08-29,1.4945,56.607,-10.5
2019-08-28,1.4794,58.724,-10.25
2019-08-27,1.4711,57.065,-8.75
2019-08-26,1.5351,61.66,-8
2019-08-23,1.5351,60.626,-8.5
2019-08-22,1.6131,60.189,-8.31
2019-08-21,1.5893,59.718,-9.5
2019-08-20,1.5555,60.301,-9.75
2019-08-19,1.6063,60.876,-10.12
2019-08-16,1.5538,61.462,-11
2019-08-15,1.5269,54.736,-11.5
2019-08-14,1.5792,52.715,-10.88
2019-08-13,1.7035,57.769,-10
2019-08-12,1.6454,63.818,-11.06
2019-08-09,1.7447,67.776,-11.63
2019-08-08,1.7172,67.734,-12.5
2019-08-07,1.7342,70.032,-12.75
2019-08-06,1.7023,71.833,-10
2019-08-05,1.7075,73.631,-12
2019-08-02,1.8452,72.219,-8
2019-08-01,1.8935,75.746,-7.75
2019-07-31,2.0144,69.604,-7
2019-07-30,2.058,73.612,-8.63
2019-07-29,2.065,74.211,-8.19
2019-07-26,2.0703,74.194,-7.38
2019-07-25,2.081,74.817,-8.5
2019-07-24,2.0428,76.118,-7.38
2019-07-23,2.0812,77.925,-7
2019-07-22,2.0464,76.647,-6.75
2019-07-19,2.0552,76.286,-6.75
2019-07-18,2.0242,79.589,-7.5
2019-07-17,2.0451,74.227,-6.63
2019-07-16,2.1026,74.108,-6.5
2019-07-15,2.0887,76.462,-6.5
2019-07-12,2.1219,77.413,-5.87
2019-07-11,2.1378,76.534,-5.25
2019-07-10,2.0613,74.819,-5.25
2019-07-09,2.0648,65.988,-6.37
2019-07-08,2.0476,67.168,-5.88
2019-07-05,2.0338,70.782,-4.75
2019-07-04,,,-4.75
2019-07-03,1.9498,73.136,-4.75
2019-07-02,1.974,75.621,-4.25
2019-07-01,2.024,75.673,-3.88
2019-06-28,2.0051,76.11,-4.25
2019-06-27,2.014,75.788,-6
2019-06-26,2.0468,77.266,-7
2019-06-25,1.985,79.164,-7.75
2019-06-24,2.0143,79.515,-7.13
2019-06-21,2.054,79.184,-6.75
2019-06-20,2.0284,75.743,-5.94
2019-06-19,2.0233,77.537,-6.5
2019-06-18,2.0595,71.473,-5.75
2019-06-17,2.0942,72.547,-5.37
2019-06-14,2.0804,74.978,-7
2019-06-13,2.0945,76.153,-5.75
2019-06-12,2.1205,74.145,-4.13
2019-06-11,2.1431,69.774,-3
2019-06-10,2.1484,71.163,-2.25
2019-06-07,2.0809,71.742,-0.75
2019-06-06,2.1174,72.906,-0.75
2019-06-05,2.1348,76.861,-1.75
2019-06-04,2.1296,71.197,-2.88
2019-06-03,2.071,69.412,-4.38
2019-05-31,2.1246,65.427,-4.25
2019-05-30,2.2133,61.852,-4
2019-05-29,2.2605,61.988,-4.63
2019-05-28,2.2658,63.422,-4.63
2019-05-27,,,-5.25
2019-05-24,2.3202,62.896,-5.31
2019-05-23,2.3185,63.766,-5
2019-05-22,2.382,62.576,-4.75
2019-05-21,2.4264,61.583,-4.62
2019-05-20,2.4157,63.063,-4.75
2019-05-17,2.3909,64.914,-4.63
2019-05-16,2.3944,66.252,-4.38
2019-05-15,2.3732,67.026,-4.38
2019-05-14,2.4104,65.88,-3.63
2019-05-13,2.4015,65.137,-3.06
2019-05-10,2.4672,62.177,-1.63
2019-05-09,2.4423,61.463,-1.75
2019-05-08,2.4835,60.7,-1.88
2019-05-07,2.4566,60.436,-1.63
2019-05-06,2.4692,61.842,-2
2019-05-03,2.525,59.353,-1.38
2019-05-02,2.5414,58.286,-1
2019-05-01,2.4999,60.223,-0.25
2019-04-30,2.5018,64.886,-1.25
2019-04-29,2.5252,64.149,-1.63
2019-04-26,2.4982,63.343,-1.25
2019-04-25,2.5325,61.058,-1.13
2019-04-24,2.5181,62.069,-1.62
2019-04-23,2.565,61.903,-1.88
2019-04-22,2.5885,60.39,-1.75
2019-04-19,,,-0.5
2019-04-18,2.5596,58.843,-0.88
2019-04-17,2.594,59,-0.75
2019-04-16,2.5904,58.437,-1
2019-04-15,2.5543,59.46,-0.88
2019-04-12,2.5651,59.497,-1.69
2019-04-11,2.497,61.414,-1.63
2019-04-10,2.4649,61.865,-2
2019-04-09,2.5006,60.69,-1.5
2019-04-08,2.5222,59.841,-1.5
2019-04-05,2.4954,59.62,-1.5
2019-04-04,2.5151,59.773,-1.63
2019-04-03,2.5241,60.518,-2
2019-04-02,2.4741,58.878,-1.13
2019-04-01,2.5009,56.686,0
2019-03-29,2.405,57.963,0.25
2019-03-28,2.3946,60.649,-0.5
2019-03-27,2.3665,65.253,-2.5
2019-03-26,2.423,66.654,-3.75
2019-03-25,2.3983,68.169,-4.44
2019-03-22,2.439,63.031,-1.75
2019-03-21,2.5369,62.302,-0.63
2019-03-20,2.5263,64.197,1.13
2019-03-19,2.6123,59.513,0.75
2019-03-18,2.6033,60.384,1.75
2019-03-15,2.5871,61.512,1.75
2019-03-14,2.6303,61.343,1.25
2019-03-13,2.6213,58.381,1.25
2019-03-12,2.6015,58.104,1.5
2019-03-11,2.6393,58.327,2.13
2019-03-08,2.6285,57.99,2
2019-03-07,2.6393,58.259,2
2019-03-06,2.6934,57.138,1.75
2019-03-05,2.7169,55.247,1.38
2019-03-04,2.7223,55.984,0.75
2019-03-01,2.7531,56.473,0.5
2019-02-28,2.715,56.55,1.13
2019-02-27,2.6825,58.368,0.63
2019-02-26,2.6357,55.874,0.5
2019-02-25,2.6626,54.928,0.44
2019-02-22,2.6518,54.316,1.25
2019-02-21,2.6914,53.446,0.75
2019-02-20,2.6447,52.579,2.25
2019-02-19,2.6339,51.849,2.38
2019-02-15,2.6626,49.887,3
2019-02-14,2.6536,52.3,3.13
2019-02-13,2.7021,50.591,2.38
2019-02-12,2.6877,52.727,2.25
2019-02-11,2.6536,52.411,2.38
2019-02-08,2.6339,53.236,2.63
2019-02-07,2.6572,53.002,2.63
2019-02-06,2.6946,52.795,2.63
2019-02-05,2.6983,51.972,2.5
2019-02-04,2.7235,51.763,2.5
2019-02-01,2.6842,52.033,2.75
2019-01-31,2.6293,55.744,2.75
2019-01-30,2.6775,54.733,3
2019-01-29,2.7098,49.312,3
2019-01-28,2.744,48.399,2.75
2019-01-25,2.7585,46.529,3
2019-01-24,2.7157,48.21,3.38
2019-01-23,2.7409,48.268,3
2019-01-22,2.7392,48.035,3.19
2019-01-21,,,3.75
2019-01-18,2.7842,47.257,3.5
2019-01-17,2.7504,50.172,3.25
2019-01-16,2.7218,53.156,3.25
2019-01-15,2.7112,54.29,2.75
2019-01-14,2.7024,52.719,2.5
2019-01-11,2.7007,50.459,2.25
2019-01-10,2.7421,49.337,2.13
2019-01-09,2.71,45.377,2.77
2019-01-08,2.728,42.563,2.77
2019-01-07,2.696,44.861,2.69
2019-01-04,2.6677,47.768,3
2019-01-03,2.5535,54.297,2
2019-01-02,2.6204,49.239,3
2019-01-01,,,2.75
2018-12-31,2.6842,50.34,2.75
2018-12-28,2.7182,46.586,2
2018-12-27,2.7666,43.771,2
2018-12-26,2.8079,41.276,1.5
2018-12-25,,,2.25
2018-12-24,2.7383,41.247,2.25
2018-12-21,2.7902,39.048,3.75
2018-12-20,2.8065,37.909,3.75
2018-12-19,2.7548,36.011,2
2018-12-18,2.8175,42.006,2.25
2018-12-17,2.857,41.776,3.38
2018-12-14,2.8895,41.107,3.25
2018-12-13,2.9131,41.325,3.44
2018-12-12,2.9096,37.994,3.37
2018-12-11,2.879,38.335,3.5
2018-12-10,2.8575,41.338,3
2018-12-07,2.845,44.952,4.5
2018-12-06,2.8955,40.742,6.88
2018-12-05,2.9136,38.395,6.25
2018-12-04,2.9136,38.395,6.25
2018-12-03,2.9697,43.511,5.63
2018-11-30,2.9879,47.586,4.63
2018-11-29,3.0298,47.646,4
2018-11-28,3.059,47.934,3.5
2018-11-27,3.0572,42.687,5.25
2018-11-26,3.0535,42.463,6.06
2018-11-23,3.039,43.193,6.25
2018-11-21,3.0627,42.362,6.69
2018-11-20,3.0628,42.623,6.5
2018-11-19,3.0628,44.986,5.75
2018-11-16,3.0628,43.641,6.25
2018-11-15,3.1103,41.958,6.5
2018-11-14,3.125,40.829,6.31
2018-11-13,3.1397,37.35,5.87
2018-11-09,3.1819,34.713,6
2018-11-08,3.2373,34.039,5.5
2018-11-07,3.2355,36.037,5.63
2018-11-06,3.2276,38.62,5.74
2018-11-05,3.2008,39.846,6.25
2018-11-02,3.2121,41.924,6.19
2018-11-01,3.1303,41.799,6.75
2018-10-31,3.1435,41.426,6.56
2018-10-30,3.1227,40.575,6.82
2018-10-29,3.0849,40.993,6.52
2018-10-26,3.0755,40.101,6.06
2018-10-25,3.1167,38.221,6.37
2018-10-24,3.1035,38.894,6.88
2018-10-23,3.1676,35.592,6.65
2018-10-22,3.1978,33.651,6.25
2018-10-19,3.1921,32.86,6.69
2018-10-18,3.1786,33.457,7
2018-10-17,3.205,31.242,6.06
2018-10-16,3.1633,30.852,6.12
2018-10-15,3.1557,32.489,5.06
2018-10-12,3.1613,31.806,4.37
2018-10-11,3.1498,31.72,4.87
2018-10-10,3.1629,34.323,4.5
2018-10-09,3.2063,31.115,4.87
2018-10-05,3.2328,33.263,4
2018-10-04,3.187,30.166,4.75
2018-10-03,3.1813,28.87,4.44
2018-10-02,3.0631,26.54,5.56
2018-10-01,3.0836,26.955,5.19
2018-09-28,3.0612,25.114,5.75
2018-09-27,3.0518,22.598,6.22
2018-09-26,3.048,23.535,6.25
2018-09-25,3.0964,24.267,5.5
2018-09-24,3.0889,25.657,5.5
2018-09-21,3.0628,24.959,6.19
2018-09-20,3.0626,24.051,6.5
2018-09-19,3.0626,26.17,5.75
2018-09-18,3.0551,25.513,5.75
2018-09-17,2.9867,23.879,6.5
2018-09-14,2.9959,22.591,6.75
2018-09-13,2.97,23.308,6.94
2018-09-12,2.9626,24.01,6.75
2018-09-11,2.9755,24.975,6.87
2018-09-10,2.9314,25.653,6.25
2018-09-07,2.9388,27.859,6.25
2018-09-06,2.8731,30.956,6.25
2018-09-05,2.9022,30.514,6.12
2018-09-04,2.8985,28.802,6.5
2018-08-31,2.8604,28.002,7
2018-08-30,2.855,25.224,7.5
2018-08-29,2.884,23.697,7.37
2018-08-28,2.8804,25.489,7.25
2018-08-27,2.8459,25.071,7.75
2018-08-24,2.8098,24.495,7.81
2018-08-23,2.8261,25.595,7.25
2018-08-22,2.8189,27.858,7.5
2018-08-21,2.8298,27.876,7.09
2018-08-20,2.819,28.61,7.56
2018-08-17,2.8605,27.688,7.25
2018-08-16,2.8659,28.243,6.94
2018-08-15,2.8623,29.56,6.5
2018-08-14,2.8985,29.363,6.81
2018-08-13,2.8786,29.555,6
2018-08-10,2.8732,28.379,6
2018-08-09,2.9258,26.254,5.75
2018-08-08,2.96,27.735,5.5
2018-08-07,2.973,27.528,6.06
2018-08-06,2.9395,28.362,7
2018-08-03,2.9488,27.267,7.5
2018-08-02,2.9859,26.191,7
2018-08-01,3.0064,25.538,6.75
2018-07-31,2.9598,23.256,6.75
2018-07-30,2.9728,25.34,6.25
2018-07-27,2.9542,24.106,6
2018-07-26,2.9764,23.842,4.87
2018-07-25,2.9746,25.257,5.25
2018-07-24,2.9486,25.461,5.5
2018-07-23,2.9541,27.164,5
2018-07-20,2.8931,25.956,6.13
2018-07-19,2.838,22.32,6.75
2018-07-18,2.8692,21.639,6.75
2018-07-17,2.86,20.522,6.5
2018-07-16,2.8582,20.774,6.25
2018-07-13,2.8271,20.488,6.69
2018-07-12,2.8454,19.762,7
2018-07-11,2.8491,20.048,7.22
2018-07-10,2.8491,20.704,7.62
2018-07-09,2.8564,21.394,7.94
2018-07-06,2.8217,20.973,8
2018-07-05,2.8291,21.515,8.25
2018-07-04,,,8
2018-07-03,2.8309,23.59,8
2018-07-02,2.8711,23.644,7.63
2018-06-29,2.8601,24.95,7.5
2018-06-28,2.8365,24.981,7.19
2018-06-27,2.8256,27.037,7.31
2018-06-26,2.8766,27.789,7.06
2018-06-25,2.8803,27.12,6.75
2018-06-22,2.8949,27.084,6.81
2018-06-21,2.8967,27.561,6.5
2018-06-20,2.9389,26.809,6.31
2018-06-19,2.8967,26.037,6.75
2018-06-18,2.9169,25.485,6.5
2018-06-15,2.9205,24.739,6.25
2018-06-14,2.9351,24.687,6.62
2018-06-13,2.9663,25.404,6.5
2018-06-12,2.9608,28.259,6.25
2018-06-11,2.9516,29.62,6.25
2018-06-08,2.9461,30.409,6.06
2018-06-07,2.9204,30.289,5.88
2018-06-06,2.9717,31.087,5.63
2018-06-05,2.9277,31.377,6.06
2018-06-04,2.9424,28.922,5.75
2018-06-01,2.9022,30.062,5.5
2018-05-31,2.8586,32.748,5.25
2018-05-30,2.855,34.412,4.12
2018-05-29,2.781,38.877,3.75
2018-05-25,2.9313,32.597,3.75
2018-05-24,2.977,30.921,3.25
2018-05-23,2.9935,32.51,3.37
2018-05-22,3.0597,30.634,2.87
2018-05-21,3.0596,30.483,3.62
2018-05-18,3.0559,30.764,3.31
2018-05-17,3.1112,30.946,3.25
2018-05-16,3.0964,27.627,3.44
2018-05-15,3.0723,28.044,3
2018-05-14,3.0024,27.087,2.63
2018-05-11,2.9695,26.418,3.12
2018-05-10,2.9622,27.689,4.75
2018-05-09,3.0042,32.036,2.87
2018-05-08,2.976,31.528,3.75
2018-05-07,2.9497,33.33,3.75
2018-05-04,2.9497,33.669,3.25
2018-05-03,2.9458,33.925,3.25
2018-05-02,2.9663,34.879,3.25
2018-05-01,2.9644,31.456,2.75
2018-04-30,2.9531,32.484,3.25
2018-04-27,2.9568,32.229,3.12
2018-04-26,2.9809,35.013,3
2018-04-25,3.0259,37.019,2.94
2018-04-24,2.9995,35.473,2.5
2018-04-23,2.9752,32.102,2.75
2018-04-20,2.9602,34.346,3.5
2018-04-19,2.9098,34.163,2.81
2018-04-18,2.8728,32.75,2.75
2018-04-17,2.8285,33.004,3.38
2018-04-16,2.8267,34.345,3.25
2018-04-13,2.8267,35.275,3.75
2018-04-12,2.8358,37.076,3.87
2018-04-11,2.7808,38.216,3.75
2018-04-10,2.8009,39.5,3
2018-04-09,2.779,41.331,2.5
2018-04-06,2.7735,43.077,3
2018-04-05,2.832,43.413,3.43
2018-04-04,2.8027,41.483,3.25
2018-04-03,2.7753,41.366,2.75
2018-04-02,2.7298,41.329,3.5
2018-03-29,2.7389,41.172,3.63
2018-03-28,2.7807,42.413,2.5
2018-03-27,2.7753,45.995,1.62
2018-03-26,2.852,44.335,3.37
2018-03-23,2.8135,45.983,3.12
2018-03-22,2.8244,43.763,4.25
2018-03-21,2.883,44.281,4.25
2018-03-20,2.8959,43.22,3.5
2018-03-19,2.8555,42.888,3.75
2018-03-16,2.8445,43.352,4.5
2018-03-15,2.828,43.184,4
2018-03-14,2.817,44.542,4.5
2018-03-13,2.8426,47.831,4.81
2018-03-12,2.8681,49.25,3.5
2018-03-09,2.8938,50.614,2.5
2018-03-08,2.8571,49.014,3
2018-03-07,2.8827,49.955,1.94
2018-03-06,2.8863,49.78,1.56
2018-03-05,2.8808,50.54,0.81
2018-03-02,2.8643,50.985,1.13
2018-03-01,2.8078,50.207,0.75
2018-02-28,2.8606,48.076,1.5
2018-02-27,2.8934,49.769,1.75
2018-02-26,2.8623,54.142,0.75
2018-02-23,2.866,53.551,0.75
2018-02-22,2.9207,54.929,1.63
2018-02-21,2.95,53.289,2.5
2018-02-20,2.8896,50.665,1.25
2018-02-19,,,1.75
2018-02-16,2.8749,50.074,1.88
2018-02-15,2.9095,51.122,1.25
2018-02-14,2.9022,52.844,1.38
2018-02-13,2.8294,56.758,0.63
2018-02-12,2.8585,58.353,1.25
2018-02-09,2.8512,61.453,0.75
2018-02-08,2.824,58.955,1.5
2018-02-07,2.8359,55.573,1.75
2018-02-06,2.8016,52.463,2.75
2018-02-05,2.7056,56.743,1.25
2018-02-02,2.8411,49.681,3.5
2018-02-01,2.7896,45.128,3.75
2018-01-31,2.705,41.928,2.88
2018-01-30,2.7199,46.352,2
2018-01-29,2.6936,45.011,2.25
2018-01-26,2.6599,43.951,2.38
2018-01-25,2.617,46.081,1.75
2018-01-24,2.6465,49.232,2.88
2018-01-23,2.6131,48.082,3
2018-01-22,2.65,46.367,4.44
2018-01-19,2.6592,48.229,5.75
2018-01-18,2.6256,48.354,1.38
2018-01-17,2.5904,45.099,0.75
2018-01-16,2.5371,47.202,0.5
2018-01-15,,,-0.75
2018-01-12,2.5462,50.086,-0.75
2018-01-11,2.5367,53.974,-0.94
2018-01-10,2.5568,56.759,-1.63
2018-01-09,2.553,56.28,-1.13
2018-01-08,2.48,52.264,-1.25
2018-01-05,2.4763,52.026,-0.87
2018-01-04,2.4525,51.638,-0.75
2018-01-03,2.4471,53.906,-1.5
2018-01-02,2.4633,56.388,-2.13
2017-12-29,2.4054,53.189,-1.25
2017-12-28,2.4305,51.831,-1.25
2017-12-27,2.4107,55.101,-1.5
2017-12-26,2.4756,58.052,-2.75
2017-12-22,2.481,58.015,-2.25
2017-12-21,2.4826,59.505,-1.63
2017-12-20,2.497,63.847,-2.25
2017-12-19,2.4644,59.691,-2
2017-12-18,2.3942,57.176,-1.13
2017-12-15,2.353,53.191,-1
2017-12-14,2.3493,56.621,-0.5
2017-12-13,2.3422,62.034,0.13
2017-12-12,2.4011,60.272,0.5
2017-12-11,2.3886,61.788,1.13
2017-12-08,2.376,62.695,1.13
2017-12-07,2.3634,62.11,1.5
2017-12-06,2.3385,60.211,2
2017-12-05,2.3509,58.704,1.5
2017-12-04,2.3723,61.94,1.56
2017-12-01,2.3615,64.712,0.25
2017-11-30,2.4097,68.77,-0.5
2017-11-29,2.3882,71.696,-0.75
2017-11-28,2.3277,69.733,-0.63
2017-11-27,2.3277,71.922,-0.75
2017-11-24,2.3418,69.86,0
2017-11-23,,,0.06
2017-11-22,2.3187,69.587,0
2017-11-21,2.3559,65.739,0.25
2017-11-20,2.3666,68.654,-0.25
2017-11-17,2.3435,71.942,-0.56
2017-11-16,2.3753,75.521,-0.75
2017-11-15,2.3222,73.141,-1.25
2017-11-14,2.3717,77.008,-1.75
2017-11-13,2.4055,79.444,-1.25
2017-11-10,2.3984,82.654,-2
2017-11-09,2.3416,80.286,-1.88
2017-11-08,2.3343,78.025,-2.63
2017-11-07,2.3145,78.698,-2.19
2017-11-06,2.3163,80.908,-2.5
2017-11-03,2.3325,82.123,-2
2017-11-02,2.345,82.385,-1.81
2017-11-01,2.3721,83.807,-2
2017-10-31,2.3793,86.121,-2.97
2017-10-30,2.3684,88.346,-2.38
2017-10-27,2.4064,88.813,-2.75
2017-10-26,2.4609,89.284,-2.69
2017-10-25,2.4317,89.72,-2.25
2017-10-24,2.4189,88.756,-2.13
2017-10-23,2.3664,88.312,-2.56
2017-10-20,2.3845,87.498,-2.31
2017-10-19,2.3178,88.242,-2.13
2017-10-18,2.3465,86.136,-2.38
2017-10-17,2.2998,84.215,-1.81
2017-10-16,2.3034,87.168,-2.88
2017-10-13,2.273,90.356,-3.75
2017-10-12,2.3177,90.708,-4.25
2017-10-11,2.3481,92.537,-4.5
2017-10-10,2.3607,93.407,-4.5
2017-10-06,2.3589,93.582,-4.25
2017-10-05,2.348,94.434,-4.5
2017-10-04,2.3229,94.778,-4
2017-10-03,2.3229,94.621,-4.19
2017-10-02,2.3408,93.759,-4.13
2017-09-29,2.3336,92.246,-4.38
2017-09-28,2.3085,97.644,-4
2017-09-27,2.3103,95.529,-4.13
2017-09-26,2.2357,91.388,-4
2017-09-25,2.2198,92.341,-3.5
2017-09-22,2.2499,91.698,-3.19
2017-09-21,2.2765,91.715,-3
2017-09-20,2.2676,93.213,-3.44
2017-09-19,2.2446,98.019,-3.63
2017-09-18,2.2287,96.978,-3
2017-09-15,2.2023,96.28,-3
2017-09-14,2.1847,98.823,-3
2017-09-13,2.1883,101.763,-4.19
2017-09-12,2.1672,102.45,-4.81
2017-09-11,2.1306,103.24,-4.5
2017-09-08,2.0507,103.441,-4
2017-09-07,2.0387,103.061,-3.75
2017-09-06,2.1046,103.587,-3.94
2017-09-05,2.0596,103.757,-5.13
2017-09-01,2.1657,103.701,-5
2017-08-31,2.117,102.26,-5.19
2017-08-30,2.1309,101.935,-5.38
2017-08-29,2.1292,103.325,-5.94
2017-08-28,2.1571,101.354,-6.38
2017-08-25,2.1659,98.844,-5.88
2017-08-24,2.1939,99.237,-6
2017-08-23,2.166,100.065,-6.38
2017-08-22,2.2131,99.947,-5.75
2017-08-21,2.1817,101.084,-5.75
2017-08-18,2.1939,101.399,-5.13
2017-08-17,2.1853,102.303,-5
2017-08-16,2.222,102.502,-4.81
2017-08-15,2.2728,102.193,-4.88
2017-08-14,2.2185,103.645,-4.5
2017-08-11,2.1888,104.095,-4
2017-08-10,2.1975,100.022,-3.56
2017-08-09,2.2476,101.649,-3.5
2017-08-08,2.2619,102.391,-3.81
2017-08-07,2.253,101.965,-4.19
2017-08-04,2.262,102.474,-3.37
2017-08-03,2.2212,100.766,-2.88
2017-08-02,2.271,102.859,-3.75
2017-08-01,2.2532,105.559,-4.5
2017-07-31,2.2942,106.109,-4.63
2017-07-28,2.2889,105.97,-4.25
2017-07-27,2.3103,106.579,-3.75
2017-07-26,2.2872,106.326,-4
2017-07-25,2.3354,102.469,-3.75
2017-07-24,2.2552,101.143,-3.75
2017-07-21,2.2375,100.391,-3
2017-07-20,2.2589,100.578,-3.19
2017-07-19,2.2696,102.516,-3.88
2017-07-18,2.259,103.147,-5.75
2017-07-17,2.3141,104.282,-5.75
2017-07-14,2.3319,105.18,-5
2017-07-13,2.3444,102.472,-5.13
2017-07-12,2.3177,100.804,-4.63
2017-07-11,2.3605,100.617,-4.69
2017-07-10,2.373,99.275,-3.75
2017-07-07,2.3856,98.021,-3.25
2017-07-06,2.3659,96.49,-2.13
2017-07-05,2.3231,93.186,-1.75
2017-07-04,,,-2.75
2017-07-03,2.3499,93.366,-2.88
2017-06-30,2.3037,94.473,-2.44
2017-06-29,2.2666,96.161,-2.75
2017-06-28,2.2279,95.879,-2.75
2017-06-27,2.2051,94.013,-3
2017-06-26,2.137,93.88,-1.88
2017-06-23,2.1423,95.726,-2.75
2017-06-22,2.1477,95.639,-4.75
2017-06-21,2.1634,95.258,-3.63
2017-06-20,2.1565,97.37,-2.13
2017-06-19,2.1879,99.521,-2
2017-06-16,2.1514,103.02,-3.25
2017-06-15,2.1637,102.242,-2.38
2017-06-14,2.1256,105.229,-2
2017-06-13,2.2109,108.103,-2.63
2017-06-12,2.2145,108.974,-5.44
2017-06-09,2.2005,108.751,-4.38
2017-06-08,2.1885,110.108,-3.75
2017-06-07,2.1729,109.646,-4.06
2017-06-06,2.1451,109.604,-4.5
2017-06-05,2.1817,109.394,-5.25
2017-06-02,2.1591,108.959,-5.38
2017-06-01,2.2114,109.948,-5.5
2017-05-31,2.2028,110.934,-5.88
2017-05-30,2.2098,112.066,-5.88
2017-05-26,2.2465,112.1,-4.88
2017-05-25,2.2554,112.465,-5.25
2017-05-24,2.2502,113.767,-5.75
2017-05-23,2.2799,111.489,-6
2017-05-22,2.2537,111.344,-6.25
2017-05-19,2.2346,111.458,-6.25
2017-05-18,2.2294,112.657,-7.5
2017-05-17,2.2243,116.018,-7.75
2017-05-16,2.3257,114.201,-8
2017-05-15,2.3433,114.302,-9
2017-05-12,2.3257,114.047,-7.63
2017-05-11,2.3874,110.911,-8
2017-05-10,2.4141,110.119,-9
2017-05-09,2.3977,110.246,-7.13
2017-05-08,2.3868,110.926,-6.13
2017-05-05,2.3487,109.993,-6
2017-05-04,2.3541,111.01,-5.13
2017-05-03,2.318,111.618,-4.75
2017-05-02,2.2803,116.459,-3.75
2017-05-01,2.318,116.015,-3.63
2017-04-28,2.2802,113.411,-2.75
2017-04-27,2.2946,113.932,-2.88
2017-04-26,2.3035,113.269,-2.25
2017-04-25,2.3322,113.137,-1.75
2017-04-24,2.273,112.542,-2.5
2017-04-21,2.248,112.959,-3.25
2017-04-20,2.232,111.591,-3
2017-04-19,2.2143,113.213,-4.75
2017-04-18,2.1682,113.4,-4.25
2017-04-17,2.2498,113.21,-3.84
2017-04-13,2.2374,112.158,-2.75
2017-04-12,2.2392,111.683,-3.63
2017-04-11,2.2962,109.691,-3.88
2017-04-10,2.3661,108.892,-3.5
2017-04-07,2.3822,108.656,-2.5
2017-04-06,2.3408,112.547,-2.25
2017-04-05,2.3354,113.284,-2.13
2017-04-04,2.3605,110.677,-1.63
2017-04-03,2.3193,109.965,-1.5
2017-03-31,2.3874,108.665,-0.5
2017-03-30,2.4197,106.86,-0.87
2017-03-29,2.3765,105.792,-1.75
2017-03-28,2.4178,105.941,-2.38
2017-03-27,2.3782,106.484,-3
2017-03-24,2.4123,106.673,-1.75
2017-03-23,2.4194,107.614,-2
2017-03-22,2.405,107.921,-3.5
2017-03-21,2.4175,108.603,-3.63
2017-03-20,2.4607,109.039,-3.5
2017-03-17,2.5005,108.956,-2.75
2017-03-16,2.5402,109.906,-3.75
2017-03-15,2.493,110.241,-2.88
2017-03-14,2.6002,104.447,-2.88
2017-03-13,2.6258,107.21,-2.75
2017-03-10,2.5745,106.326,-2.63
2017-03-09,2.6053,105.168,-3.5
2017-03-08,2.5597,105.466,-4.63
2017-03-07,2.5179,107.018,-5.25
2017-03-06,2.4997,108.468,-3.75
2017-03-03,2.478,106.059,-2.44
2017-03-02,2.4779,105.576,-2.13
2017-03-01,2.4526,107.188,-3.31
2017-02-28,2.3899,106.34,-1.75
2017-02-27,2.365,111.411,-2.25
2017-02-24,2.3117,114.497,-2.62
2017-02-23,2.372,115.249,-2.25
2017-02-22,2.4129,112.612,-2.63
2017-02-21,2.429,111.914,-2.38
2017-02-20,,,-4
2017-02-17,2.4146,111.908,-4.13
2017-02-16,2.4467,111.064,-5.75
2017-02-15,2.4932,108.472,-6.63
2017-02-14,2.4698,109.453,-6.75
2017-02-13,2.4358,111.548,-6.63
2017-02-10,2.4073,111.817,-7.13
2017-02-09,2.3948,113.579,-7.38
2017-02-08,2.3363,114.449,-8.25
2017-02-07,2.3931,116.853,-6.88
2017-02-06,2.4077,120.04,-6.5
2017-02-03,2.4648,117.974,-7.88
2017-02-02,2.4737,116.323,-8.75
2017-02-01,2.4699,114.423,-8.88
2017-01-31,2.4531,114.59,-9
2017-01-30,2.4881,112.776,-9.25
2017-01-27,2.4843,111.209,-8.63
2017-01-26,2.5043,111.781,-9
2017-01-25,2.5116,111.857,-10.13
2017-01-24,2.4652,111.406,-10.5
2017-01-23,2.3971,112.118,-9.63
2017-01-20,2.4668,111.063,-10.25
2017-01-19,2.4739,108.143,-10.25
2017-01-18,2.4296,107.289,-11.75
2017-01-17,2.3253,111.083,-11.88
2017-01-16,,,-11.5
2017-01-13,2.3964,108.995,-11.5
2017-01-12,2.3631,109.292,-12.25
2017-01-11,2.3721,106.91,-12.38
2017-01-10,2.3757,109.09,-12.5
2017-01-09,2.3647,108.45,-13.13
2017-01-06,2.4193,108.326,-12.69
2017-01-05,2.3443,109.938,-13.63
2017-01-04,2.439,110.739,-15.13
2017-01-03,2.4444,110.235,-14
2016-12-30,2.4443,113.599,-11
2016-12-29,2.475,112.36,-10.5
2016-12-28,2.508,109.446,-10.5
2016-12-27,2.5596,107.628,-10.88
2016-12-23,2.5373,108.762,-10.13
2016-12-22,2.5515,109.139,-10.25
2016-12-21,2.5348,108.751,-9.75
2016-12-20,2.5586,109.915,-9.75
2016-12-19,2.5382,109.688,-9.25
2016-12-16,2.5916,110.701,-9.5
2016-12-15,2.5967,107.041,-10.13
2016-12-14,2.5707,113.031,-12.63
2016-12-13,2.4713,122.123,-14.13
2016-12-12,2.4712,126.637,-13
2016-12-09,2.4675,126.06,-13.38
2016-12-08,2.4071,126.62,-13.75
2016-12-07,2.3401,123.202,-15.06
2016-12-06,2.3887,124.311,-14.5
2016-12-05,2.3941,121.677,-15.5
2016-12-02,2.3831,123.746,-15.88
2016-12-01,2.4481,120.866,-16.3
2016-11-30,2.3809,119.002,-16.81
2016-11-29,2.291,116.971,-16.75
2016-11-28,2.3124,118.449,-16.63
2016-11-25,2.3572,116.743,-17.25
2016-11-24,,,-18
2016-11-23,2.3498,118.527,-18
2016-11-22,2.3119,122.177,-18
2016-11-21,2.3154,122.072,-16.75
2016-11-18,2.3548,122.954,-15.13
2016-11-17,2.3026,127.386,-15.38
2016-11-16,2.2225,124.975,-14.25
2016-11-15,2.2189,129.579,-13.56
2016-11-14,2.2614,132.809,-12.63
2016-11-10,2.1501,139.704,-13.19
2016-11-09,2.0571,137.164,-13.13
2016-11-08,1.8547,128.836,-13.5
2016-11-07,1.8261,131.311,-13.63
2016-11-04,1.7762,132.647,-13.75
2016-11-03,1.8115,133.423,-14.13
2016-11-02,1.8025,130.187,-14
2016-11-01,1.8274,128.37,-14.13
2016-10-31,1.8255,127.147,-14.25
2016-10-28,1.8468,128.93,-14
2016-10-27,1.8536,126.41,-14.75
2016-10-26,1.7931,123.559,-14.88
2016-10-25,1.756,122.265,-16
2016-10-24,1.7647,124.205,-16.38
2016-10-21,1.7347,124.015,-16.13
2016-10-20,1.7556,125.049,-16.13
2016-10-19,1.7432,127.908,-16.88
2016-10-18,1.7379,127.921,-16.75
2016-10-17,1.766,126.682,-16.87
2016-10-14,1.7977,127.162,-17
2016-10-13,1.7411,121.661,-16.5
2016-10-12,1.7692,120.625,-16.5
2016-10-11,1.7638,120.537,-16
2016-10-07,1.7181,119.407,-16.25
2016-10-06,1.7372,117.452,-15.5
2016-10-05,1.7021,117.844,-15.25
2016-10-04,1.6864,118.28,-15
2016-10-03,1.6221,115.976,-14.5
2016-09-30,1.5944,116.533,-14
2016-09-29,1.5599,115.817,-14
2016-09-28,1.5719,115.499,-15
2016-09-27,1.5564,116.394,-15
2016-09-26,1.5839,119.976,-15.75
2016-09-23,1.6184,118.942,-15.63
2016-09-22,1.6183,116.946,-16
2016-09-21,1.6511,118.513,-14.88
2016-09-20,1.6892,122.988,-15.63
2016-09-19,1.7118,123.38,-16.63
2016-09-16,1.6926,124.522,-16.88
2016-09-15,1.6907,128.237,-17
2016-09-14,1.6976,124.097,-17
2016-09-13,1.7271,121.792,-16.37
2016-09-12,1.6629,119.351,-15.63
2016-09-09,1.6749,117.122,-15.25
2016-09-08,1.599,112.515,-15.25
2016-09-07,1.5391,110.989,-15
2016-09-06,1.534,110.652,-14.5
2016-09-02,1.6024,108.498,-14
2016-09-01,1.5681,104.834,-13
2016-08-31,1.58,103.272,-13.38
2016-08-30,1.5663,105.091,-14
2016-08-29,1.5595,104.399,-14.5
2016-08-26,1.6296,105.035,-14.25
2016-08-25,1.5731,110.086,-14
2016-08-24,1.5611,110.091,-15
2016-08-23,1.5458,109.422,-14.5
2016-08-22,1.5424,110.068,-14.25
2016-08-19,1.5781,112.182,-13.75
2016-08-18,1.5356,114.975,-12.38
2016-08-17,1.5491,112.625,-12.75
2016-08-16,1.5746,113.699,-13.75
2016-08-15,1.5576,114.76,-12.25
2016-08-12,1.5135,113.163,-11.5
2016-08-11,1.5593,112.61,-11.75
2016-08-10,1.5074,115.421,-11.13
2016-08-09,1.547,115.357,-11
2016-08-08,1.592,116.224,-10.5
2016-08-05,1.5885,117.604,-11
2016-08-04,1.5008,122.41,-10.63
2016-08-03,1.542,122.45,-10.75
2016-08-02,1.5558,121.651,-10.75
2016-08-01,1.5214,119.283,-10.5
2016-07-29,1.4531,115.734,-10.25
2016-07-28,1.5044,114.476,-10.5
2016-07-27,1.4976,112.235,-9.5
2016-07-26,1.5611,114.82,-9.75
2016-07-25,1.5731,114.661,-8.75
2016-07-22,1.5663,116.456,-8.75
2016-07-21,1.556,119.515,-8.63
2016-07-20,1.5801,116.08,-12.25
2016-07-19,1.5526,115.494,-13
2016-07-18,1.5818,116.126,-14.5
2016-07-15,1.5509,116.005,-14.25
2016-07-14,1.5356,115.417,-14.63
2016-07-13,1.4743,111.028,-14.25
2016-07-12,1.51,113.743,-12.13
2016-07-11,1.4303,111.63,-11.13
2016-07-08,1.3579,114.912,-11.25
2016-07-07,1.385,117.248,-10
2016-07-06,1.3682,119.275,-9.25
2016-07-05,1.375,121.446,-8.13
2016-07-01,1.4441,122.907,-9.75
2016-06-30,1.4697,128.346,-10.63
2016-06-29,1.5155,126.036,-11.5
2016-06-28,1.4664,126.557,-11.88
2016-06-27,1.4377,128.226,-12.5
2016-06-24,1.5599,133.656,-12.25
2016-06-23,1.7458,129.551,-12
2016-06-22,1.6852,129.905,-12.13
2016-06-21,1.7059,131.172,-12
2016-06-20,1.6886,131.146,-12.25
2016-06-17,1.6078,130.512,-12.13
2016-06-16,1.5788,130.404,-13.13
2016-06-15,1.572,133.266,-12.63
2016-06-14,1.613,128.463,-12.88
2016-06-13,1.6096,129.726,-12.88
2016-06-10,1.6404,128.317,-12.5
2016-06-09,1.6867,126.501,-13
2016-06-08,1.7022,127.606,-13.1
2016-06-07,1.7177,130.809,-13
2016-06-06,1.7367,130.37,-12
2016-06-03,1.7004,127.732,-13.38
2016-06-02,1.7989,122.657,-12.75
2016-06-01,1.8354,123.486,-13.75
2016-05-31,1.8458,127.294,-14.35
2016-05-27,1.851,126.003,-14
2016-05-26,1.8282,129.266,-14
2016-05-25,1.8664,126.048,-14.5
2016-05-24,1.8629,123.783,-14.25
2016-05-23,1.835,125.32,-14
2016-05-20,1.8384,126.513,-14.1
2016-05-19,1.8487,126.508,-14.13
2016-05-18,1.8538,127.304,-14.9
2016-05-17,1.7723,129.803,-13.13
2016-05-16,1.7533,133.326,-13.5
2016-05-13,1.7001,134.217,-13
2016-05-12,1.7516,136.007,-13.88
2016-05-11,1.7367,137.8,-15.63
2016-05-10,1.7613,140.048,-16
2016-05-09,1.7507,141.346,-16
2016-05-06,1.7789,139.708,-15
2016-05-05,1.7453,140.038,-14.38
2016-05-04,1.7752,139.815,-13
2016-05-03,1.7963,140.431,-11.9
2016-05-02,1.8723,139.984,-11.63
2016-04-29,1.8333,138.168,-11.88
2016-04-28,1.8243,138.801,-12.25
2016-04-27,1.8507,138.17,-12.81
2016-04-26,1.9271,136.068,-14
2016-04-25,1.9128,135.491,-13.75
2016-04-22,1.8878,135.029,-13.75
2016-04-21,1.861,135.229,-14.13
2016-04-20,1.845,133.994,-13.38
2016-04-19,1.7851,134.038,-14
2016-04-18,1.7711,134.949,-14.6
2016-04-15,1.7518,134.688,-14.5
2016-04-14,1.7919,134.888,-14.25
2016-04-13,1.7639,137.024,-14
2016-04-12,1.7761,138.56,-13.75
2016-04-11,1.7254,140.175,-12.35
2016-04-08,1.7167,139.908,-11.5
2016-04-07,1.6889,137.658,-13
2016-04-06,1.7549,138.464,-12.75
2016-04-05,1.7201,136.703,-12.9
2016-04-04,1.7618,139.032,-12.75
2016-04-01,1.7705,138.442,-12.13
2016-03-31,1.7687,140.476,-13.13
2016-03-30,1.8228,139.311,-14.25
2016-03-29,1.8035,132.916,-12.75
2016-03-28,1.886,129.129,-12.75
2016-03-25,,,-13.5
2016-03-24,1.9,129.284,-13.5
2016-03-23,1.8786,130.247,-14.31
2016-03-22,1.9403,130.816,-15.5
2016-03-21,1.9155,133.751,-16.12
2016-03-18,1.8732,134.06,-16.69
2016-03-17,1.8958,131.153,-16.19
2016-03-16,1.9081,132.774,-16.31
2016-03-15,1.9699,123.846,-15
2016-03-14,1.9592,125.268,-15.75
2016-03-11,1.9839,125.939,-15.69
2016-03-10,1.9323,124.771,-16.56
2016-03-09,1.876,127.762,-16.25
2016-03-08,1.8287,129.329,-15.25
2016-03-07,1.9057,128.714,-15.25
2016-03-04,1.8741,131.819,-15
2016-03-03,1.8337,131.376,-15.25
2016-03-02,1.8406,134.36,-16
2016-03-01,1.8249,137.984,-16.75
2016-02-29,1.7347,140.169,-16.19
2016-02-26,1.7623,139.496,-17.06
2016-02-25,1.7157,142.235,-16.75
2016-02-24,1.7484,138.704,-15.75
2016-02-23,1.7225,138.057,-15.5
2016-02-22,1.7518,137.066,-14.56
2016-02-19,1.7449,138.015,-14.03
2016-02-18,1.7396,140.981,-14.25
2016-02-17,1.819,142.194,-14.75
2016-02-16,1.7723,142.164,-15.75
2016-02-15,,,-14.75
2016-02-12,1.7481,139.109,-14.75
2016-02-11,1.659,136.229,-17.25
2016-02-10,1.6681,136.506,-13
2016-02-09,1.726,139.476,-10.06
2016-02-08,1.7483,141.692,-7.5
2016-02-05,1.8357,142.643,-8.5
2016-02-04,1.8395,144.651,-10.25
2016-02-03,1.8861,143.647,-14.19
2016-02-02,1.8448,139.436,-12.5
2016-02-01,1.9486,139.652,-12.44
2016-01-29,1.9209,141.422,-12.75
2016-01-28,1.9784,138.415,-11.75
2016-01-27,1.9993,138.901,-11.98
2016-01-26,1.9942,135.588,-13.44
2016-01-25,2.0012,134.428,-13
2016-01-22,2.0519,134.102,-13.73
2016-01-21,2.0311,136.525,-12.94
2016-01-20,1.9824,133.479,-13.75
2016-01-19,2.0556,133.937,-15.06
2016-01-18,,,-14.75
2016-01-15,2.0347,135.968,-14.75
2016-01-14,2.0874,137.816,-15.73
2016-01-13,2.0927,135.546,-14.75
2016-01-12,2.1032,133.99,-15
2016-01-11,2.1754,137.258,-15.19
2016-01-08,2.1156,134.802,-13.19
2016-01-07,2.1455,132.495,-10.31
2016-01-06,2.1702,129.414,-9.31
2016-01-05,2.2357,128.127,-9.31
2016-01-04,2.2428,125.198,-7.19
2016-01-01,,,-8.5
2015-12-31,2.2694,125.435,-8.63
2015-12-30,2.2943,123.915,-8.06
2015-12-29,2.305,124.932,-7.63
2015-12-28,2.2304,122.337,-6.5
2015-12-24,2.241,124.57,-7
2015-12-23,2.2534,126.611,-6.81
2015-12-22,2.2357,124.953,-6.18
2015-12-21,2.1917,124.071,-5.5
2015-12-18,2.204,124.413,-5.88
2015-12-17,2.2234,122.321,-7.75
2015-12-16,2.296,125.496,-9
2015-12-15,2.2658,129.139,-9.75
2015-12-14,2.2217,129.713,-9.75
2015-12-11,2.127,131.66,-5
2015-12-10,2.2305,128.745,-7.03
2015-12-09,2.2164,132.912,-10
2015-12-08,2.2182,129.137,-10.5
2015-12-07,2.2288,128.861,-10.53
2015-12-04,2.2693,130.237,-11
2015-12-03,2.3136,131.938,-12
2015-12-02,2.1797,127.33,-11.25
2015-12-01,2.1431,131.448,-12.5
2015-11-30,2.206,132.6,-14
2015-11-27,2.2201,135.054,-13.63
2015-11-26,,,-13.25
2015-11-25,2.2341,132.12,-13.75
2015-11-24,2.2377,133.582,-13.25
2015-11-23,2.2377,131.899,-13.94
2015-11-20,2.2623,133.029,-17.14
2015-11-19,2.2482,133.536,-16.75
2015-11-18,2.2728,135.669,-14.25
2015-11-17,2.2658,139.886,-13.13
2015-11-16,2.2676,140.792,-11.81
2015-11-13,2.2658,139.84,-11.75
2015-11-12,2.3116,137.492,-11
2015-11-11,,,-10.75
2015-11-10,2.3419,139.09,-10.75
2015-11-09,2.3436,136.877,-10.41
2015-11-06,2.3252,135.317,-10.25
2015-11-05,2.2323,136.778,-11.75
2015-11-04,2.225,135.49,-12.25
2015-11-03,2.2105,140.111,-9.44
2015-11-02,2.1709,138.914,-8.25
2015-10-30,2.1421,140.213,-8.25
2015-10-29,2.1725,142.408,-7.75
2015-10-28,2.1009,140.895,-6.88
2015-10-27,2.037,149.252,-6.25
2015-10-26,2.0564,147.305,-6.44
2015-10-23,2.0866,148.309,-5
2015-10-22,2.0263,150.718,-3.25
2015-10-21,2.0228,151.108,-3.38
2015-10-20,2.067,152.693,-3.63
2015-10-19,2.0228,154.067,-3.25
2015-10-16,2.0334,152.913,-3.63
2015-10-15,2.0175,152.826,-4.81
2015-10-14,1.9718,156.374,-6.25
2015-10-13,2.0439,152.893,-3.25
2015-10-12,,,-1.75
2015-10-09,2.0881,151.873,-1.75
2015-10-08,2.104,154.185,-1.63
2015-10-07,2.0668,152.28,-1.81
2015-10-06,2.0315,154.243,-1.13
2015-10-05,2.0562,155.279,-0.5
2015-10-02,1.9929,153.034,-1.25
2015-10-01,2.0368,148.305,-1.31
2015-09-30,2.0368,149.505,-3.5
2015-09-29,2.0508,147.48,-5.5
2015-09-28,2.0949,145.521,-3.99
2015-09-25,2.1623,147.973,-2
2015-09-24,2.1266,146.521,-0.25
2015-09-23,2.1497,149.617,-0.13
2015-09-22,2.1337,151.194,0.4
2015-09-21,2.2012,152.649,0.32
2015-09-18,2.1336,148.923,3.06
2015-09-17,2.1903,152.533,1.88
2015-09-16,2.294,147.168,1.25
2015-09-15,2.2867,145.614,1.94
2015-09-14,2.1831,144.357,3.1
2015-09-11,2.1883,143.795,2.44
2015-09-10,2.222,143.645,1.4
2015-09-09,2.2006,143.057,1
2015-09-08,2.1828,143.656,2.75
2015-09-07,,,4.75
2015-09-04,2.1244,141.627,4.75
2015-09-03,2.1596,145.059,5.94
2015-09-02,2.1843,144.199,4.88
2015-09-01,2.1524,142.601,4
2015-08-31,2.2179,141.322,5.5
2015-08-28,2.1806,139.846,5.75
2015-08-27,2.1841,142.339,6.75
2015-08-26,2.1752,144.944,5.31
2015-08-25,2.0714,138.005,6.44
2015-08-24,2.0034,136.001,7
2015-08-21,2.0365,129.492,7.69
2015-08-20,2.0679,127.181,8.13
2015-08-19,2.1256,131.374,7.81
2015-08-18,2.1925,127.506,7.2
2015-08-17,2.1678,124.866,7.41
2015-08-14,2.1977,124.296,7.38
2015-08-13,2.1854,128.177,7.63
2015-08-12,2.148,131.64,8.25
2015-08-11,2.1409,128.423,8.5
2015-08-10,2.2269,128.416,8.19
2015-08-07,2.1623,124.66,9.13
2015-08-06,2.2214,127.949,9.06
2015-08-05,2.2699,129.738,8.81
2015-08-04,2.2213,129.146,8.75
2015-08-03,2.148,133.475,8.56
2015-07-31,2.1801,137.578,8.56
2015-07-30,2.2589,132.117,8.49
2015-07-29,2.2859,138.252,8
2015-07-28,2.2499,137.318,8.13
2015-07-27,2.2175,136.981,8.38
2015-07-24,2.2624,134.186,8.38
2015-07-23,2.2677,133.249,8.44
2015-07-22,2.3235,136.376,8.75
2015-07-21,2.3253,140.7,8.44
2015-07-20,2.3723,138.651,8.5
2015-07-17,2.3469,141.076,9
2015-07-16,2.3503,145.425,8.31
2015-07-15,2.3521,151.187,8.25
2015-07-14,2.401,153.624,7.94
2015-07-13,2.4538,151.636,8.87
2015-07-10,2.3972,153.204,9.31
2015-07-09,2.3211,153.307,10.25
2015-07-08,2.1922,148.601,11.81
2015-07-07,2.2582,149.183,12.19
2015-07-06,2.285,152.402,12.13
2015-07-03,,,11
2015-07-02,2.3823,155.334,11
2015-07-01,2.4219,149.461,10
2015-06-30,2.3531,147.403,11
2015-06-29,2.3242,147.644,10.75
2015-06-26,2.4726,148.41,8.88
2015-06-25,2.4088,146.383,9.81
2015-06-24,2.3672,147.932,9.19
2015-06-23,2.4087,149.93,8.56
2015-06-22,2.3725,149.188,8
2015-06-19,2.2577,147.458,8.11
2015-06-18,2.3345,150.227,8.06
2015-06-17,2.3165,146.718,8.13
2015-06-16,2.3093,137.908,8.75
2015-06-15,2.3559,138.215,7.94
2015-06-12,2.3918,135.782,7.88
2015-06-11,2.3772,136.581,7.81
2015-06-10,2.4838,142.856,7.69
2015-06-09,2.4384,141.1,7.69
2015-06-08,2.3824,140.725,7.69
2015-06-05,2.4076,137.18,8.38
2015-06-04,2.307,139.816,8.31
2015-06-03,2.3642,141.446,8
2015-06-02,2.2624,140.637,7.56
2015-06-01,2.1794,138.649,8.19
2015-05-29,2.1214,139.408,9.31
2015-05-28,2.1355,136.933,8.38
2015-05-27,2.1285,133.526,7.75
2015-05-26,2.139,137.447,8
2015-05-25,,,6.75
2015-05-22,2.2092,142.075,6.63
2015-05-21,2.1898,147.478,5.81
2015-05-20,2.2479,149.416,4.38
2015-05-19,2.2886,147.11,4.5
2015-05-18,2.2337,149.079,5.81
2015-05-15,2.1424,146.726,5.5
2015-05-14,2.2301,154.349,5.5
2015-05-13,2.2926,151.982,5.69
2015-05-12,2.2489,144.896,6.75
2015-05-11,2.2797,143.937,6.86
2015-05-08,2.1478,141.111,7.5
2015-05-07,2.18,134.811,7.81
2015-05-06,2.2431,140.507,8.13
2015-05-05,2.1853,135.975,8.5
2015-05-04,2.144,137.176,9.06
2015-05-01,2.1135,132.593,8.88
2015-04-30,2.0317,131.337,9
2015-04-29,2.0388,132.858,7.75
2015-04-28,2.0034,130.018,8
2015-04-27,1.9208,127.167,8.19
2015-04-24,1.9086,129.32,7.69
2015-04-23,1.9577,128.628,7
2015-04-22,1.9788,126.69,7.81
2015-04-21,1.9087,124.831,7.69
2015-04-20,1.8896,124.148,8.38
2015-04-17,1.8653,121.076,9
2015-04-16,1.8897,127.308,8.75
2015-04-15,1.888,122.351,8.56
2015-04-14,1.8985,120.366,8.25
2015-04-13,1.9272,120.38,8.38
2015-04-10,1.9473,118.362,9.44
2015-04-09,1.9596,119.87,9.5
2015-04-08,1.9047,117.946,9.25
2015-04-07,1.8848,119.332,10.25
2015-04-06,1.8952,124.815,11.15
2015-04-03,,,11.25
2015-04-02,1.9117,117.991,10.38
2015-04-01,1.8573,114.519,10.63
2015-03-31,1.9231,116.413,10.06
2015-03-30,1.9475,114.372,9.25
2015-03-27,1.9615,110.365,9.02
2015-03-26,1.9894,112.022,9.5
2015-03-25,1.925,109.13,9.25
2015-03-24,1.8731,110.328,9.44
2015-03-23,1.912,112.274,9.37
2015-03-20,1.9303,108.987,9.75
2015-03-19,1.9685,105.973,8.24
2015-03-18,1.9199,112.068,8.5
2015-03-17,2.0507,104.831,10.25
2015-03-16,2.0717,108.995,10.75
2015-03-13,2.114,111.238,11.25
2015-03-12,2.1156,110.181,11.25
2015-03-11,2.1086,107.799,11.75
2015-03-10,2.1297,111.25,11.44
2015-03-09,2.1907,114.702,10.5
2015-03-06,2.2414,114.535,11.38
2015-03-05,2.1154,115.394,12.25
2015-03-04,2.1172,113.054,12.13
2015-03-03,2.1189,110.702,12.13
2015-03-02,2.082,110.544,12.31
2015-02-27,1.993,108.988,12.6
2015-02-26,2.0295,109.129,12.75
2015-02-25,1.9688,111.545,13.19
2015-02-24,1.98,113.428,13.5
2015-02-23,2.0574,111.508,13.44
2015-02-20,2.1117,112.731,13
2015-02-19,2.1142,115.665,13.12
2015-02-18,2.08,118.88,13
2015-02-17,2.1379,111.915,12.69
2015-02-16,,,12.5
2015-02-13,2.0504,110.849,12.63
2015-02-12,1.9844,108.304,13.13
2015-02-11,2.0176,104.205,13.13
2015-02-10,1.9967,106.264,13.63
2015-02-09,1.9775,104.492,13.81
2015-02-06,1.9567,104.685,13.75
2015-02-05,1.8204,112.663,13.63
2015-02-04,1.7513,109.808,14
2015-02-03,1.7915,108.87,14
2015-02-02,1.6642,106.983,13.5
2015-01-30,1.6407,106.586,14.5
2015-01-29,1.7512,104.397,13.56
2015-01-28,1.7207,105.008,14.13
2015-01-27,1.8231,106.222,14.69
2015-01-26,1.8241,105.842,14.38
2015-01-23,1.7968,106.383,14.25
2015-01-22,1.8631,107.301,13.5
2015-01-21,1.8717,111.038,13.25
2015-01-20,1.788,109.576,12.88
2015-01-19,,,11.5
2015-01-16,1.8368,114.895,11.63
2015-01-15,1.7149,120.481,11.69
2015-01-14,1.8553,114.73,11.13
2015-01-13,1.9,112.922,11.19
2015-01-12,1.907,111.495,11.75
2015-01-09,1.9449,110.747,11.88
2015-01-08,2.0179,110.753,11.88
2015-01-07,1.9677,104.864,11.63
2015-01-06,1.9402,102.26,10.38
2015-01-05,2.032,103.26,11.13
2015-01-02,2.1105,107.941,11.38
2015-01-01,,,11.5
2014-12-31,2.1712,109.731,11.5
2014-12-30,2.1871,107.565,11.06
2014-12-29,2.2021,106.428,11.25
2014-12-26,2.2499,105.473,11.75
2014-12-25,,,12.5
2014-12-24,2.2632,107.137,12.38
2014-12-23,2.2614,111.449,12.5
2014-12-22,2.1583,108.419,12.88
2014-12-19,2.1618,110.618,13
2014-12-18,2.2075,115.475,12.63
2014-12-17,2.1356,111.452,12.38
2014-12-16,2.0591,117.421,12.88
2014-12-15,2.1182,117.449,12.88
2014-12-12,2.0817,122.407,12.63
2014-12-11,2.162,121.005,12.63
2014-12-10,2.1638,127.131,11.69
2014-12-09,2.2129,124.876,11.75
2014-12-08,2.257,123.994,11.88
2014-12-05,2.3065,128.11,11.31
2014-12-04,2.2341,136.255,11.94
2014-12-03,2.2799,138.021,12.94
2014-12-02,2.2923,141.625,12.81
2014-12-01,2.235,142.529,13.06
2014-11-28,2.164,140.668,13.25
2014-11-27,,,12.75
2014-11-26,2.2447,139.382,12.75
2014-11-25,2.257,139.109,12.5
2014-11-24,2.3064,141.905,12.25
2014-11-21,2.3099,140.842,12.06
2014-11-20,2.3373,142.391,12.25
2014-11-19,2.3594,143.167,12
2014-11-18,2.3151,143.035,12
2014-11-17,2.3399,143.548,12.38
2014-11-14,2.3204,144.169,12.5
2014-11-13,2.3399,144.922,12.19
2014-11-12,2.3712,145.243,12.88
2014-11-11,,,13.31
2014-11-10,2.3604,144.789,13.25
2014-11-07,2.2976,144.276,13.88
2014-11-06,2.3856,142.742,14.25
2014-11-05,2.3424,142.626,14.63
2014-11-04,2.3335,142.177,14.06
2014-11-03,2.3425,143.447,13.94
2014-10-31,2.3353,145.499,14.5
2014-10-30,2.3058,147.289,14.19
2014-10-29,2.3174,146.368,14.06
2014-10-28,2.296,155.106,14.13
2014-10-27,2.2605,154.784,14.5
2014-10-24,2.2685,154.505,14.5
2014-10-23,2.2712,154.872,14.13
2014-10-22,2.2164,156.28,13.31
2014-10-21,2.2217,155.938,14
2014-10-20,2.1909,155.868,14.25
2014-10-17,2.1936,155.108,15.63
2014-10-16,2.1559,155.376,16.5
2014-10-15,2.1358,157.311,15.63
2014-10-14,2.1973,151.114,14.75
2014-10-10,2.2804,147.912,13.63
2014-10-09,2.3133,148.889,13.75
2014-10-08,2.3213,150.81,14.75
2014-10-07,2.3391,142.272,16.13
2014-10-06,2.4196,143.236,15.63
2014-10-03,2.434,139.956,15.75
2014-10-02,2.425,145.662,15
2014-10-01,2.3856,142.046,15.25
2014-09-30,2.4888,143.848,14.88
2014-09-29,2.4771,140.65,14.5
2014-09-26,2.5276,141.641,12.63
2014-09-25,2.5022,145.822,13.31
2014-09-24,2.5637,148.282,12.5
2014-09-23,2.5275,148.779,12.25
2014-09-22,2.5636,150.643,12.06
2014-09-19,2.5745,147.143,13.25
2014-09-18,2.6144,151.53,13.63
2014-09-17,2.6198,153.682,13.75
2014-09-16,2.5924,158.49,14.25
2014-09-15,2.5887,155.457,14
2014-09-12,2.6105,152.558,13.31
2014-09-11,2.5496,148.635,13.5
2014-09-10,2.5414,148.223,13.5
2014-09-09,2.5036,146.959,12.75
2014-09-08,2.4712,150.43,12.25
2014-09-05,2.4587,153.236,12
2014-09-04,2.4497,149.536,12.25
2014-09-03,2.3962,146.778,11.81
2014-09-02,2.4211,148.97,13
2014-09-01,,,15.25
2014-08-29,2.3431,145.258,15.25
2014-08-28,2.3361,144.128,15.38
2014-08-27,2.3573,146.26,14.63
2014-08-26,2.3962,150.087,14
2014-08-25,2.382,146.507,14
2014-08-22,2.4024,149.52,14.88
2014-08-21,2.4068,155.687,15
2014-08-20,2.4264,158.814,15.25
2014-08-19,2.3997,163.594,15.5
2014-08-18,2.3927,162.274,15
2014-08-15,2.3397,159.449,15
2014-08-14,2.4015,161.611,14.25
2014-08-13,2.4166,166.426,15
2014-08-12,2.4491,165.486,15.44
2014-08-11,2.4275,162.648,15.88
2014-08-08,2.4203,160.534,15.81
2014-08-07,2.4114,162.513,15.25
2014-08-06,2.4708,162.046,14.56
2014-08-05,2.4844,161.875,14.31
2014-08-04,2.4817,163.844,14.06
2014-08-01,2.4925,161.635,14.06
2014-07-31,2.5578,156.221,14
2014-07-30,2.5569,154.335,12.94
2014-07-29,2.4601,153.505,12.94
2014-07-28,2.4853,154.999,12.5
2014-07-25,2.4655,156.545,12.25
2014-07-24,2.5025,159.922,12.25
2014-07-23,2.4655,161.387,12.31
2014-07-22,2.4601,159.514,12.5
2014-07-21,2.4674,157.846,11.79
2014-07-18,2.4809,161.852,11.56
2014-07-17,2.4458,164.775,12.25
2014-07-16,2.526,164.646,11
2014-07-15,2.5468,167.804,10.94
2014-07-14,2.5468,169.875,11
2014-07-11,2.516,169.52,11.25
2014-07-10,2.5359,171.857,11.25
2014-07-09,2.5503,170.466,9.75
2014-07-08,2.5557,168.162,9.69
2014-07-07,2.611,170.436,9.75
2014-07-04,,,9.5
2014-07-03,2.6383,173.266,9.75
2014-07-02,2.6264,175.064,10.25
2014-07-01,2.5647,173.893,10.06
2014-06-30,2.5304,172.833,9.75
2014-06-27,2.534,172.682,10.5
2014-06-26,2.5286,170.621,10.69
2014-06-25,2.5592,172.502,10.06
2014-06-24,2.5781,172.855,9.75
2014-06-23,2.6261,175.11,9
2014-06-20,2.6052,175.163,8.75
2014-06-19,2.6206,178.752,9
2014-06-18,2.5844,172.66,9.5
2014-06-17,2.6523,169.075,9.25
2014-06-16,2.597,169.687,10.25
2014-06-13,2.6033,171.877,10
2014-06-12,2.5951,172.564,10.31
2014-06-11,2.6394,176.342,10.5
2014-06-10,2.6439,176.389,11.5
2014-06-09,2.6032,176.123,11.75
2014-06-06,2.5869,178.754,11.75
2014-06-05,2.5824,180.839,12
2014-06-04,2.6021,179.874,11.75
2014-06-03,2.5985,179.383,11.06
2014-06-02,2.5267,177.759,11
2014-05-30,2.4759,178.696,10.88
2014-05-29,2.4644,179.184,10.06
2014-05-28,2.4431,181.296,9.5
2014-05-27,2.5142,183.344,9.25
2014-05-26,,,9.25
2014-05-23,2.532,186.753,9.25
2014-05-22,2.5499,188.198,9.5
2014-05-21,2.532,188.736,9.31
2014-05-20,2.5106,187.361,10
2014-05-19,2.5445,183.746,10.06
2014-05-16,2.5231,179.017,10
2014-05-15,2.4893,179.897,9.5
2014-05-14,2.5427,181.088,9
2014-05-13,2.6089,183.13,8.5
2014-05-12,2.6611,183.223,8
2014-05-09,2.6233,183.348,8.25
2014-05-08,2.6161,180.784,7.75
2014-05-07,2.5878,174.963,10.75
2014-05-06,2.5914,170.383,11.75
2014-05-05,2.6068,172.667,12.25
2014-05-02,2.5843,170.247,11.88
2014-05-01,2.6133,175.384,11.75
2014-04-30,2.6459,178.192,10.75
2014-04-29,2.6913,175.113,10
2014-04-28,2.7004,174.454,10.44
2014-04-25,2.6623,171.626,10.94
2014-04-24,2.6805,171.469,10.81
2014-04-23,2.6987,175.233,10.5
2014-04-22,2.7105,175.99,10.75
2014-04-21,2.7151,179.921,11
2014-04-18,,,12
2014-04-17,2.7215,178.598,12.06
2014-04-16,2.6282,179.571,12.75
2014-04-15,2.6283,183.86,12.25
2014-04-14,2.6472,187.257,11.75
2014-04-11,2.6247,190.536,11.75
2014-04-10,2.6474,192.813,12
2014-04-09,2.6898,194.767,11.25
2014-04-08,2.6808,187.026,11.69
2014-04-07,2.6998,187.82,11.88
2014-04-04,2.7207,188.482,11.75
2014-04-03,2.7972,183.15,12.13
2014-04-02,2.8045,185.303,11.75
2014-04-01,2.7525,187.273,12.44
2014-03-31,2.718,183.825,12.25
2014-03-28,2.7208,179.774,12
2014-03-27,2.681,180.876,12.06
2014-03-26,2.6919,186.816,12
2014-03-25,2.748,186.074,12
2014-03-24,2.7281,182.944,11.75
2014-03-21,2.7426,189.719,11.56
2014-03-20,2.7716,196.109,12
2014-03-19,2.7725,194.847,11.75
2014-03-18,2.6722,206.602,11.5
2014-03-17,2.6921,205.923,11.5
2014-03-14,2.6543,206.305,11.38
2014-03-13,2.6446,206.935,11
2014-03-12,2.73,208.214,10.25
2014-03-11,2.768,209.253,10
2014-03-10,2.777,209.831,10
2014-03-07,2.7879,208.266,10.5
2014-03-06,2.7373,212.118,11
2014-03-05,2.7048,210.32,10.75
2014-03-04,2.6977,210.977,11.25
2014-03-03,2.6012,209.496,12.31
2014-02-28,2.6476,207.979,11.25
2014-02-27,2.6387,210.784,10.75
2014-02-26,2.6655,214.812,9.75
2014-02-25,2.7023,214.546,9.31
2014-02-24,2.7382,215.159,9.5
2014-02-21,2.731,215.881,9.75
2014-02-20,2.7509,218.372,10.5
2014-02-19,2.7392,219.462,10.94
2014-02-18,2.7069,219.749,11
2014-02-17,,,10.75
2014-02-14,2.7428,217.064,10.75
2014-02-13,2.732,217.962,10.25
2014-02-12,2.7608,215.609,12.5
2014-02-11,2.725,215.365,12.5
2014-02-10,2.6674,217.811,12.25
2014-02-07,2.6829,220.287,13
2014-02-06,2.7003,214.704,13.75
2014-02-05,2.6675,215.591,14
2014-02-04,2.6294,213.203,14.25
2014-02-03,2.5761,209.264,14.25
2014-01-31,2.644,210.668,14
2014-01-30,2.6949,212.262,13.5
2014-01-29,2.6767,211.804,13.75
2014-01-28,2.7488,211.559,12.75
2014-01-27,2.7479,209.544,12.19
2014-01-24,2.715,208.954,12.31
2014-01-23,2.7772,207.966,12.06
2014-01-22,2.8656,205.736,11
2014-01-21,2.8286,210.094,10.25
2014-01-20,,,11
2014-01-17,2.8194,212.091,11
2014-01-16,2.8414,213.084,11
2014-01-15,2.8912,214.991,9.75
2014-01-14,2.8709,215.35,9.25
2014-01-13,2.8257,217.969,8.25
2014-01-10,2.8579,217.83,9.25
2014-01-09,2.9652,212.911,8.5
2014-01-08,2.9894,212.863,7.5
2014-01-07,2.9391,220.424,7.06
2014-01-06,2.9576,220.816,6.75
2014-01-03,2.9948,218.988,7
2014-01-02,2.989,220.234,7
2014-01-01,,,6.5
2013-12-31,3.0282,222.518,6.5
2013-12-30,2.9703,219.492,6
2013-12-27,3,219.914,5.5
2013-12-26,2.9905,217.974,6.5
2013-12-25,,,7
2013-12-24,2.9775,215.875,7
2013-12-23,2.9274,215.087,6.75
2013-12-20,2.8886,214.637,6.25
2013-12-19,2.9291,227.04,6.5
2013-12-18,2.8931,236.358,5.5
2013-12-17,2.8354,236.947,5.25
2013-12-16,2.8784,235.949,5.75
2013-12-13,2.8646,234.219,6
2013-12-12,2.8773,235.842,6.13
2013-12-11,2.8535,238.345,6.25
2013-12-10,2.8006,238.376,6.75
2013-12-09,2.8389,238.741,5.75
2013-12-06,2.8553,240.062,6.5
2013-12-05,2.8717,242.709,7
2013-12-04,2.8342,245.788,7
2013-12-03,2.7825,244.8,9
2013-12-02,2.7951,244.011,9
2013-11-29,2.7445,244.206,8.75
2013-11-28,,,8
2013-11-27,2.7373,244.813,8.06
2013-11-26,2.7077,248.747,7.5
2013-11-25,2.7283,248.317,6.5
2013-11-22,2.7427,248.071,6.63
2013-11-21,2.7842,252.264,4.5
2013-11-20,2.7987,253.635,4.13
2013-11-19,2.7069,244.515,5
2013-11-18,2.6658,244.145,6
2013-11-15,2.7033,244.894,6.25
2013-11-14,2.69,245.667,8.5
2013-11-13,2.6995,246.294,11.06
2013-11-12,2.7728,240.266,12.25
2013-11-08,2.7477,243.199,12.5
2013-11-07,2.5999,239.825,13.5
2013-11-06,2.6421,243.534,13.25
2013-11-05,2.6696,238.791,14.25
2013-11-04,2.6035,233.944,14.38
2013-11-01,2.6218,232.256,14.25
2013-10-31,2.5542,230.917,14.56
2013-10-30,2.5378,232.316,14.25
2013-10-29,2.5034,234.792,14.75
2013-10-28,2.5233,232.844,14.75
2013-10-25,2.5088,231.692,15.25
2013-10-24,2.5197,230.828,15.25
2013-10-23,2.5016,230.832,14.94
2013-10-22,2.5124,232.688,14.5
2013-10-21,2.6014,231.786,14.19
2013-10-18,2.5777,230.885,14.5
2013-10-17,2.5894,232.774,14
2013-10-16,2.6633,233.097,13.5
2013-10-15,2.7276,235.518,13
2013-10-14,,,13.25
2013-10-11,2.6871,232.803,13.25
2013-10-10,2.6814,230.915,13.5
2013-10-09,2.6631,231.346,14.5
2013-10-08,2.632,226.596,14.25
2013-10-07,2.6265,228.896,15.75
2013-10-04,2.6447,230.892,16.5
2013-10-03,2.6046,235.031,16.5
2013-10-02,2.6173,231.979,16.5
2013-10-01,2.65,228.844,15.65
2013-09-30,2.61,230.154,15.5
2013-09-27,2.6245,228.38,15.5
2013-09-26,2.6498,225.85,15.06
2013-09-25,2.628,227.688,15
2013-09-24,2.6552,224.234,15.25
2013-09-23,2.6999,227.612,15
2013-09-20,2.7337,228.28,15.75
2013-09-19,2.7519,231.237,15.5
2013-09-18,2.6878,231.937,15.25
2013-09-17,2.8468,222.347,15
2013-09-16,2.8643,224.318,15.5
2013-09-13,2.8846,214.022,16.3
2013-09-12,2.9095,213.786,15.75
2013-09-11,2.9122,214.807,16.25
2013-09-10,2.9643,212.63,16
2013-09-09,2.912,213.577,17.1
2013-09-06,2.9342,210.722,18.25
2013-09-05,2.9937,203.385,19
2013-09-04,2.8966,205.298,17.94
2013-09-03,2.8576,211.565,17.5
2013-09-02,,,19.75
2013-08-30,2.7839,205.725,19.75
2013-08-29,2.7617,210.183,18.75
2013-08-28,2.7653,215.77,19
2013-08-27,2.7087,217.127,18.5
2013-08-26,2.7853,217.639,18.5
2013-08-23,2.8146,217.163,19.25
2013-08-22,2.8844,219.232,20
2013-08-21,2.8935,227.537,19
2013-08-20,2.8142,230.655,18.5
2013-08-19,2.8804,229.026,18
2013-08-16,2.8251,228.398,16.75
2013-08-15,2.7664,228.579,16.25
2013-08-14,2.7136,227.409,16.5
2013-08-13,2.719,227.795,17.06
2013-08-12,2.6206,229.741,17.06
2013-08-09,2.5784,227.906,16.75
2013-08-08,2.5892,231.423,17.56
2013-08-07,2.5986,231.693,18.25
2013-08-06,2.6421,233.675,18.5
2013-08-05,2.6333,234.127,17.5
2013-08-02,2.596,232.557,17.5
2013-08-01,2.706,226.517,18.75
2013-07-31,2.5762,225.539,19.25
2013-07-30,2.6101,229.092,19
2013-07-29,2.6023,228.48,19.25
2013-07-26,2.5624,225.074,19.94
2013-07-25,2.5712,226.41,20
2013-07-24,2.588,226.653,19.5
2013-07-23,2.5049,226.63,20.1
2013-07-22,2.4804,225.221,20.75
2013-07-19,2.4839,226.239,20.81
2013-07-18,2.5284,229.703,20.25
2013-07-17,2.4888,226.398,20.5
2013-07-16,2.5317,221.051,21.25
2013-07-15,2.5372,221.799,21.75
2013-07-12,2.5821,220.425,22.25
2013-07-11,2.5721,223.579,21.62
2013-07-10,2.6238,219.126,21.5
2013-07-09,2.634,215.492,22.69
2013-07-08,2.6356,213.081,24.5
2013-07-05,2.7391,209.867,25.5
2013-07-04,,,23
2013-07-03,2.5032,207.417,23
2013-07-02,2.4693,209.631,22.25
2013-07-01,2.4765,209.759,21.75
2013-06-28,2.4857,210.331,21
2013-06-27,2.4721,215.126,20.31
2013-06-26,2.5353,216.064,21.56
2013-06-25,2.6082,213.077,22.25
2013-06-24,2.5368,210.097,22.5
2013-06-21,2.531,215.57,23
2013-06-20,2.4144,220.838,22.69
2013-06-19,2.3527,216.281,20.75
2013-06-18,2.1854,228.308,18.25
2013-06-17,2.1817,229.118,17.5
2013-06-14,2.1295,227.384,17.75
2013-06-13,2.1489,226.012,17.75
2013-06-12,2.228,222.438,19.5
2013-06-11,2.1846,220.231,19.75
2013-06-10,2.2097,224.652,20.75
2013-06-07,2.1718,223.881,19.5
2013-06-06,2.0769,223.335,19.25
2013-06-05,2.0892,222.7,19.25
2013-06-04,2.1462,225.332,19.5
2013-06-03,2.1193,223.714,18.25
2013-05-31,2.1282,225.979,17.5
2013-05-30,2.111,226.321,16.75
2013-05-29,2.1153,227.564,16
2013-05-28,2.1652,230.351,16.69
2013-05-24,2.0081,228.219,15.06
2013-05-23,2.0157,229.803,13.81
2013-05-22,2.0395,231.892,13
2013-05-21,1.9263,231.025,12.5
2013-05-20,1.9647,233.779,13.25
2013-05-17,1.9506,233.511,13.5
2013-05-16,1.8809,230.665,12.75
2013-05-15,1.9347,232.944,13.5
2013-05-14,1.974,233.168,14.19
2013-05-13,1.9199,230.777,14.25
2013-05-10,1.8973,227.943,14.44
2013-05-09,1.8109,224.255,14.75
2013-05-08,1.7665,224.358,18.25
2013-05-07,1.7778,224.666,17.75
2013-05-06,1.7588,224.081,18
2013-05-03,1.7382,222.717,17.94
2013-05-02,1.6255,217.219,18.31
2013-05-01,1.629,217.737,19.06
2013-04-30,1.6717,219.865,17.5
2013-04-29,1.6701,220.098,17.25
2013-04-26,1.6633,217.876,18
2013-04-25,1.708,219.186,17.5
2013-04-24,1.7047,220.185,17.5
2013-04-23,1.7065,220.303,18.5
2013-04-22,1.6929,218.751,17.25
2013-04-19,1.7049,217.663,16.75
2013-04-18,1.6847,216.282,16.5
2013-04-17,1.695,218.582,16.75
2013-04-16,1.7224,220.584,17.25
2013-04-15,1.6798,218.127,17.25
2013-04-12,1.7208,222.867,17.5
2013-04-11,1.7887,226.766,16.75
2013-04-10,1.8034,226.747,16.75
2013-04-09,1.7502,223.738,17.75
2013-04-08,1.746,220.79,19
2013-04-05,1.7128,218.262,17.25
2013-04-04,1.7625,229.014,16.75
2013-04-03,1.8106,232.595,16
2013-04-02,1.859,232.912,15.5
2013-04-01,1.8314,232.109,15.75
2013-03-29,,,16
2013-03-28,1.8487,233.635,16
2013-03-27,1.8454,235.247,15.75
2013-03-26,1.9094,236.682,15.5
2013-03-25,1.9198,236.118,13.75
2013-03-22,1.925,235.067,13.25
2013-03-21,1.9112,234.504,12.5
2013-03-20,1.9581,238.609,11.75
2013-03-19,1.9017,235.073,11.25
2013-03-18,1.9546,237.786,10.25
2013-03-15,1.9895,237.918,9.19
2013-03-14,2.0296,236.46,9
2013-03-13,2.0209,234.07,8.25
2013-03-12,2.0156,234.389,8.5
2013-03-11,2.0576,236.299,8.25
2013-03-08,2.0427,235.692,8.5
2013-03-07,1.9965,234.719,8
2013-03-06,1.9375,234.716,8
2013-03-05,1.8978,232.921,8
2013-03-04,1.8755,232.68,8.5
2013-03-01,1.8412,230.859,9.25
2013-02-28,1.8756,232.284,9
2013-02-27,1.9014,231.41,9
2013-02-26,1.8808,231.357,8.75
2013-02-25,1.8637,230.003,7.75
2013-02-22,1.9619,232.45,7.75
2013-02-21,1.9766,232.857,7.5
2013-02-20,2.0087,233.866,7.5
2013-02-19,2.0278,232.185,7.25
2013-02-18,,,6.75
2013-02-15,2.0017,231.326,6.75
2013-02-14,1.9974,232.251,6.75
2013-02-13,2.0277,232.657,9
2013-02-12,1.977,232.326,8.75
2013-02-11,1.9635,231.959,8.5
2013-02-08,1.9499,233.517,8.25
2013-02-07,1.9568,234.189,8.5
2013-02-06,1.9603,233.457,8.5
2013-02-05,1.998,234.457,8.75
2013-02-04,1.9548,232.503,9
2013-02-01,2.0149,233.483,8.5
2013-01-31,1.9849,229.208,7.75
2013-01-30,1.992,230.56,7.25
2013-01-29,1.9991,230.54,6.25
2013-01-28,1.9613,227.72,6
2013-01-25,1.9487,228.423,6.25
2013-01-24,1.8498,227.695,5.75
2013-01-23,1.8241,227.145,5.5
2013-01-22,1.8417,226.844,5.25
2013-01-21,,,5.25
2013-01-18,1.8416,226.765,5.25
2013-01-17,1.8794,228.03,4.5
2013-01-16,1.8185,227.442,3.5
2013-01-15,1.836,227.554,3.25
2013-01-14,1.8448,226.845,3
2013-01-11,1.8677,226.737,3.25
2013-01-10,1.8958,228.466,2.75
2013-01-09,1.8568,229.272,2.75
2013-01-08,1.8683,228.097,2.25
2013-01-07,1.8974,229.126,2.75
2013-01-04,1.8991,228.79,2.75
2013-01-03,1.9121,230.303,3.25
2013-01-02,1.8371,227.593,4
2013-01-01,,,6.5
2012-12-31,1.7574,222.546,5.88
2012-12-28,1.7009,215.706,6
2012-12-27,1.7364,217.309,6.25
2012-12-26,1.7511,216.122,6
2012-12-25,,,5.75
2012-12-24,1.7737,216.458,5.75
2012-12-21,1.7623,216.846,5.75
2012-12-20,1.7962,220.521,5
2012-12-19,1.8014,221.571,4.75
2012-12-18,1.817,223.43,5
2012-12-17,1.7717,221.288,5
2012-12-14,1.7015,217.471,5.25
2012-12-13,1.7299,220.821,4.5
2012-12-12,1.698,223.559,4.5
2012-12-11,1.6541,220.484,4.75
2012-12-10,1.6164,217.935,5.75
2012-12-07,1.6215,219.183,5.5
2012-12-06,1.5857,217.042,5.75
2012-12-05,1.5875,217.269,5.25
2012-12-04,1.6028,215.516,5
2012-12-03,1.6207,217.372,4.5
2012-11-30,1.6156,219.023,4.88
2012-11-29,1.6147,216.742,4.25
2012-11-28,1.6284,216.748,4
2012-11-27,1.6369,213.81,3.16
2012-11-26,1.6625,213.421,3.88
2012-11-23,1.6899,213.98,3.75
2012-11-22,,,3.75
2012-11-21,1.6796,213.912,3.5
2012-11-20,1.6659,215.589,4.06
2012-11-19,1.6131,213.042,4.5
2012-11-16,1.58,212.524,4.75
2012-11-15,1.5928,210.751,4.46
2012-11-14,1.5911,210.363,3.56
2012-11-13,1.5945,209.967,4.54
2012-11-12,,,3.75
2012-11-09,1.6063,209.97,3.75
2012-11-08,1.6148,211.251,1.88
2012-11-07,1.6466,214.982,4.63
2012-11-06,1.7507,216.395,4.21
2012-11-05,1.6841,217.416,3.4
2012-11-02,1.7147,218.7,3.06
2012-11-01,1.7242,216.216,4.25
2012-10-31,1.6901,213.499,4.63
2012-10-30,1.7189,,4.25
2012-10-29,1.7189,214.212,4.13
2012-10-26,1.7451,214.38,4
2012-10-25,1.8233,215.115,4
2012-10-24,1.7889,219.015,3
2012-10-23,1.7572,214.663,4.5
2012-10-22,1.8134,218.062,3.13
2012-10-19,1.7633,218.465,3.13
2012-10-18,1.8344,223.225,3
2012-10-17,1.8185,222.636,3.06
2012-10-16,1.7186,222.444,3.88
2012-10-15,1.663,218.603,5.63
2012-10-12,1.656,217.302,5.5
2012-10-11,1.6699,219.162,4.69
2012-10-10,1.6742,222.943,5.5
2012-10-09,1.7132,226.555,5.69
2012-10-08,,,6.5
2012-10-05,1.7428,229.66,6.38
2012-10-04,1.6732,225.699,7.63
2012-10-03,1.6146,221.917,6.75
2012-10-02,1.6198,220.209,7.81
2012-10-01,1.6249,219.925,7.5
2012-09-28,1.6335,219.801,6.88
2012-09-27,1.6542,219.464,5.5
2012-09-26,1.6095,217.285,5.5
2012-09-25,1.6662,220.19,3.31
2012-09-24,1.7094,224.469,1.75
2012-09-21,1.7528,227.322,1.38
2012-09-20,1.764,225.594,0.75
2012-09-19,1.7718,227.703,2
2012-09-18,1.8083,230.591,3.75
2012-09-17,1.8415,231.756,3.75
2012-09-14,1.866,237.46,2.75
2012-09-13,1.723,228.853,6.5
2012-09-12,1.7576,223.073,9
2012-09-11,1.7005,218.865,9.75
2012-09-10,1.6541,216.794,10
2012-09-07,1.6678,218.033,10.63
2012-09-06,1.6781,212.059,10.5
2012-09-05,1.596,208.368,9.88
2012-09-04,1.5722,206.784,10.19
2012-09-03,,,11.25
2012-08-31,1.5484,208.189,11
2012-08-30,1.6233,208.06,10.75
2012-08-29,1.6506,208.663,9.75
2012-08-28,1.6335,207.025,9.06
2012-08-27,1.6506,207.531,9.75
2012-08-24,1.6865,209.375,10.5
2012-08-23,1.6779,209.61,10.5
2012-08-22,1.6916,211.028,10.25
2012-08-21,1.7984,211.17,10.75
2012-08-20,1.8053,213.108,10.75
2012-08-17,1.8105,213.516,11.13
2012-08-16,1.8346,213.467,11.88
2012-08-15,1.8155,211.801,11.5
2012-08-14,1.7378,208.462,10.25
2012-08-13,1.6642,204.484,10.5
2012-08-10,1.6573,204.38,11
2012-08-09,1.6881,202.608,11
2012-08-08,1.6491,202.421,13.75
2012-08-07,1.6283,201.583,14.13
2012-08-06,1.5664,200.161,14.25
2012-08-03,1.5631,197.832,15
2012-08-02,1.4779,194.188,15.75
2012-08-01,1.524,196.162,13.38
2012-07-31,1.4679,196.523,12.13
2012-07-30,1.5019,196.96,11.75
2012-07-27,1.5463,197.654,12.25
2012-07-26,1.4378,191.054,13.5
2012-07-25,1.3975,190.235,13.94
2012-07-24,1.3875,191.096,14.25
2012-07-23,1.4263,194.175,13.75
2012-07-20,1.4567,196.953,13.5
2012-07-19,1.5077,200.403,13
2012-07-18,1.4942,199.294,13.75
2012-07-17,1.5078,197.981,14.75
2012-07-16,1.4724,195.832,14.5
2012-07-13,1.4876,195.247,12.75
2012-07-12,1.4743,193.81,12
2012-07-11,1.5167,197.135,12.56
2012-07-10,1.5015,198.284,13.5
2012-07-09,1.5117,199.551,14
2012-07-06,1.5491,201.824,15.13
2012-07-05,1.5969,204.581,15.06
2012-07-04,,,14
2012-07-03,1.6294,204.701,14.25
2012-07-02,1.5885,202.262,15
2012-06-29,1.6449,203.512,12.75
2012-06-28,1.5768,198.925,13.5
2012-06-27,1.6177,197.619,13.31
2012-06-26,1.6262,197.75,13.5
2012-06-25,1.6024,197.027,13.75
2012-06-22,1.6742,200.72,13.5
2012-06-21,1.6162,196.337,16
2012-06-20,1.6572,198.269,14.94
2012-06-19,1.6197,202.939,15.56
2012-06-18,1.5738,197.883,15.5
2012-06-15,1.5773,201.303,15
2012-06-14,1.642,200.293,15.75
2012-06-13,1.5927,200.657,16.5
2012-06-12,1.6642,202.661,16.63
2012-06-11,1.586,202.362,18.88
2012-06-08,1.6353,203.181,19.13
2012-06-07,1.6388,203.038,18.31
2012-06-06,1.6592,200.699,16.81
2012-06-05,1.5744,196.222,19.5
2012-06-04,1.5239,188.872,21.25
2012-06-01,1.452,189.941,21.88
2012-05-31,1.5578,198.675,17.88
2012-05-30,1.622,202.497,16.25
2012-05-29,1.7448,207.387,14.75
2012-05-28,,,15
2012-05-25,1.738,208.219,15
2012-05-24,1.7774,208.882,14.31
2012-05-23,1.7346,208.255,14
2012-05-22,1.7688,210.903,13.25
2012-05-21,1.7414,206.634,12.38
2012-05-18,1.7226,205.882,12.38
2012-05-17,1.6971,205.671,13.25
2012-05-16,1.7603,215.71,13.81
2012-05-15,1.7671,218.807,15.5
2012-05-14,1.7637,220.991,16
2012-05-11,1.8376,226.388,15
2012-05-10,1.867,228.283,14
2012-05-09,1.8227,226.974,16.25
2012-05-08,1.8402,227.199,15.13
2012-05-07,1.8716,228.216,13.75
2012-05-04,1.8786,228.689,14
2012-05-03,1.9312,229.583,12.88
2012-05-02,1.9277,229.338,12.63
2012-05-01,1.9435,231.738,12.81
2012-04-30,1.9137,230.324,12.63
2012-04-27,1.9348,229.697,13
2012-04-26,1.9383,229.532,13.06
2012-04-25,1.984,230.772,12.13
2012-04-24,1.9735,228.169,12.63
2012-04-23,1.9349,226.711,12.56
2012-04-20,1.9629,228.11,11.44
2012-04-19,1.9665,227.761,11.75
2012-04-18,1.9753,228.44,11
2012-04-17,1.9981,228.484,10.75
2012-04-16,1.9805,228.547,11
2012-04-13,1.9823,227.934,11.5
2012-04-12,2.051,232.081,10.44
2012-04-11,2.0351,231.47,10.63
2012-04-10,1.9823,227.774,11.44
2012-04-09,2.0474,228.769,9.31
2012-04-06,,,9.31
2012-04-05,2.1805,231.963,10.69
2012-04-04,2.2233,231.812,10
2012-04-03,2.2988,232.581,8.81
2012-04-02,2.182,232.053,8.75
2012-03-30,2.2088,229.762,7.69
2012-03-29,2.1587,225.988,7
2012-03-28,2.1997,227.652,6.56
2012-03-27,2.1836,228.277,5.75
2012-03-26,2.2479,226.011,7
2012-03-23,2.2317,222.169,7.56
2012-03-22,2.2781,224.004,7.25
2012-03-21,2.296,224.619,7.25
2012-03-20,2.3591,224.97,8.19
2012-03-19,2.3772,228.28,7.25
2012-03-16,2.294,229.158,5.94
2012-03-15,2.2794,232.719,6.38
2012-03-14,2.2686,230.481,5.19
2012-03-13,2.1263,228.261,6.69
2012-03-12,2.0331,226.358,6.69
2012-03-09,2.0279,228.345,7.69
2012-03-08,2.0121,229.428,8
2012-03-07,1.9756,227.363,8.31
2012-03-06,1.9427,225.275,8.38
2012-03-05,2.0104,227.987,7.69
2012-03-02,1.9739,226.548,8.63
2012-03-01,2.0261,225.98,8.69
2012-02-29,1.9705,222.542,9
2012-02-28,1.9428,222.943,9.44
2012-02-27,1.9255,220.244,10.31
2012-02-24,1.9757,220.982,10.5
2012-02-23,1.9965,225.051,9.5
2012-02-22,2.0034,228.844,8.75
2012-02-21,2.0591,230.157,8.75
2012-02-20,,,8
2012-02-17,2.0017,228.721,8
2012-02-16,1.9827,228.312,7.63
2012-02-15,1.9275,230.125,8
2012-02-14,1.9361,227.189,7.94
2012-02-13,1.9741,228.545,8.25
2012-02-10,1.9862,231.968,8.63
2012-02-09,2.0364,232.745,8.06
2012-02-08,1.9822,232.044,11.75
2012-02-07,1.9734,233.313,11.25
2012-02-06,1.9066,234.169,10.94
2012-02-03,1.9224,235.105,10.75
2012-02-02,1.8212,229.538,10.25
2012-02-01,1.8265,226.963,10
2012-01-31,1.7971,223.336,11.69
2012-01-30,1.8439,226.264,12.5
2012-01-27,1.891,230.881,11.75
2012-01-26,1.9313,231.893,10.75
2012-01-25,1.9946,235.602,10.63
2012-01-24,2.06,225.273,11.5
2012-01-23,2.0511,222.39,11.94
2012-01-20,2.0246,221.311,12.81
2012-01-19,1.977,218.397,12.75
2012-01-18,1.8983,215.216,13.38
2012-01-17,1.8566,211.532,13.88
2012-01-16,,,14.75
2012-01-13,1.8636,212.11,14.75
2012-01-12,1.9228,213.943,13.75
2012-01-11,1.9037,214.411,14.31
2012-01-10,1.9683,217.177,13.63
2012-01-09,1.9578,218.216,13.94
2012-01-06,1.9578,216.109,13.75
2012-01-05,1.9946,217.928,13.56
2012-01-04,1.9771,214.962,13.69
2012-01-03,1.9474,210.335,15.69
2012-01-02,,,16.75
2011-12-30,1.8762,206.229,16.75
2011-12-29,1.8988,202.27,16.5
2011-12-28,1.9162,201.183,16.25
2011-12-27,2.0052,206.484,16.13
2011-12-26,,,16.25
2011-12-23,2.0244,208.052,16.5
2011-12-22,1.9476,206.617,16.5
2011-12-21,1.9668,208.37,16.13
2011-12-20,1.9233,207.08,16.88
2011-12-19,1.8096,197.729,18.63
2011-12-16,1.8474,205.194,18.13
2011-12-15,1.9079,206.483,16.19
2011-12-14,1.9027,205.353,14.56
2011-12-13,1.9651,215.987,14.44
2011-12-12,2.0121,219.002,14.19
2011-12-09,2.0611,221.609,12.5
2011-12-08,1.9704,215.898,13.13
2011-12-07,2.0296,217.219,13
2011-12-06,2.0891,215.378,13.25
2011-12-05,2.0436,209.155,14.44
2011-12-02,2.0331,211.018,17.63
2011-12-01,2.0873,212.626,16.75
2011-11-30,2.068,210.333,14.75
2011-11-29,1.9913,203.08,17.63
2011-11-28,1.9739,200.43,18.81
2011-11-25,1.9635,198.831,19.5
2011-11-24,,,20.44
2011-11-23,1.8835,195.6,20.88
2011-11-22,1.917,200.988,18.63
2011-11-21,1.955,204.779,18.25
2011-11-18,2.0104,207.228,17.31
2011-11-17,1.9602,211.981,19.56
2011-11-16,2,215.656,20.38
2011-11-15,2.0451,218.102,19.38
2011-11-14,2.0556,220.299,19
2011-11-11,,,17.5
2011-11-10,2.0564,219.864,17
2011-11-09,1.9615,216.178,20.02
2011-11-08,2.0769,221.282,16.38
2011-11-07,2.0371,220.299,16.17
2011-11-04,2.0327,221.72,15.79
2011-11-03,2.0734,220.18,16.63
2011-11-02,1.9854,213.303,16.65
2011-11-01,1.9889,209.628,17.75
2011-10-31,2.1133,217.031,16.92
2011-10-28,2.3167,224.485,14.53
2011-10-27,2.3964,225.383,15.13
2011-10-26,2.2041,215.641,19
2011-10-25,2.1089,214.51,19.16
2011-10-24,2.2336,217.937,19.38
2011-10-21,2.2192,219.734,19.57
2011-10-20,2.1888,215.38,19.25
2011-10-19,2.1603,213.409,19.25
2011-10-18,2.1763,211.088,19.84
2011-10-17,2.155,207.024,19.5
2011-10-14,2.2477,212.052,18.63
2011-10-13,2.1834,204.895,17.38
2011-10-12,2.2101,204.898,16.13
2011-10-11,2.1496,197.012,18.75
2011-10-10,,,20
2011-10-07,2.0764,193.66,19.88
2011-10-06,1.9872,194.789,20.88
2011-10-05,1.8877,190.533,23.38
2011-10-04,1.8207,190.18,23.38
2011-10-03,1.756,187.423,21.75
2011-09-30,1.9154,196.181,19
2011-09-29,1.9962,205.686,17.63
2011-09-28,1.9797,213.507,17.37
2011-09-27,1.9711,212.82,17.75
2011-09-26,1.9002,208.952,18.37
2011-09-23,1.8334,202.915,18.44
2011-09-22,1.718,202.219,19.06
2011-09-21,1.8576,215.349,21.25
2011-09-20,1.9385,236.281,20.25
2011-09-19,1.9506,237.801,20.19
2011-09-16,2.0479,240.324,18.88
2011-09-15,2.082,241.63,18.25
2011-09-14,1.9837,238.719,20.19
2011-09-13,1.9906,243.859,21.13
2011-09-12,1.9475,238.665,21.69
2011-09-09,1.9183,244.403,22.19
2011-09-08,1.9787,244.241,19
2011-09-07,2.0429,245.424,19.31
2011-09-06,1.984,238.845,20.75
2011-09-05,,,20
2011-09-02,1.9857,243.85,20
2011-09-01,2.1302,259.876,19.38
2011-08-31,2.2234,263.901,17.81
2011-08-30,2.1767,259.228,18.38
2011-08-29,2.2561,260.331,15.88
2011-08-26,2.1899,259.952,16.63
2011-08-25,2.2286,261.26,18.75
2011-08-24,2.2994,263.06,16.63
2011-08-23,2.153,254.535,15.56
2011-08-22,2.1058,249.923,15.31
2011-08-19,2.0623,249.559,13.75
2011-08-18,2.0624,254.064,12
2011-08-17,2.1652,265.055,11.13
2011-08-16,2.2196,273.812,12.88
2011-08-15,2.3053,278.066,14.25
2011-08-12,2.2548,276.783,16.25
2011-08-11,2.3399,275.243,15.75
2011-08-10,2.1061,259.795,20.63
2011-08-09,2.2488,262.455,21.56
2011-08-08,2.3179,257.023,23.38
2011-08-05,2.5585,259.628,16.88
2011-08-04,2.4028,258.221,15.63
2011-08-03,2.6202,264.149,12.06
2011-08-02,2.6114,269.036,12.31
2011-08-01,2.7437,275.84,11.63
2011-07-29,2.7961,276.332,12.69
2011-07-28,2.9454,273.081,10.75
2011-07-27,2.9803,276.329,9.38
2011-07-26,2.9529,280.181,9.5
2011-07-25,3.0006,279.432,8.75
2011-07-22,2.9621,275.222,9.75
2011-07-21,3.0136,276.431,11.75
2011-07-20,2.9275,278.056,13.56
2011-07-19,2.8802,275.599,14.94
2011-07-18,2.9276,287.196,11.75
2011-07-15,2.9058,280.691,13.75
2011-07-14,2.9534,275.52,13.75
2011-07-13,2.8824,273.574,15.25
2011-07-12,2.877,273.285,16.25
2011-07-11,2.9189,273.793,16.25
2011-07-08,3.0268,270.543,14.25
2011-07-07,3.1377,263.896,14
2011-07-06,3.108,270.135,13.69
2011-07-05,3.121,269.201,13
2011-07-04,,,11.75
2011-07-01,3.1823,261.138,12
2011-06-30,3.16,260.985,11.94
2011-06-29,3.1118,268.696,11.5
2011-06-28,3.0308,274.452,11.88
2011-06-27,2.9305,284.542,13.06
2011-06-24,2.8636,281.022,14.5
2011-06-23,2.9116,271.124,12.75
2011-06-22,2.9825,267.408,11.63
2011-06-21,2.9835,267.433,14.06
2011-06-20,2.958,266.532,14.25
2011-06-17,2.9445,267.691,14.63
2011-06-16,2.9274,265.01,15.69
2011-06-15,2.9692,265.353,13
2011-06-14,3.0972,260.88,10.5
2011-06-13,2.9838,262.319,10.75
2011-06-10,2.9693,262.17,10.69
2011-06-09,2.9967,262.709,10.5
2011-06-08,2.9387,268.722,11.75
2011-06-07,2.9949,268.769,12.38
2011-06-06,2.995,266.688,12.81
2011-06-03,2.9859,262.635,12.38
2011-06-02,3.0297,259.582,11.94
2011-06-01,2.9408,255.121,11.31
2011-05-31,3.0607,252.463,10.06
2011-05-30,,,9.5
2011-05-27,3.0735,252.528,9.75
2011-05-26,3.0572,249.713,8.88
2011-05-25,3.1304,251.76,9.31
2011-05-24,3.1139,247.715,8.94
2011-05-23,3.1286,248.525,9.5
2011-05-20,3.1451,250.534,9.13
2011-05-19,3.1709,247.876,9.06
2011-05-18,3.1801,244.559,8.31
2011-05-17,3.1158,244.255,7.25
2011-05-16,3.147,247.072,7.44
2011-05-13,3.1709,247.316,7.94
2011-05-12,3.2225,247.452,7.25
2011-05-11,3.1593,245.001,9.25
2011-05-10,3.2135,243.797,8.94
2011-05-09,3.1604,246.389,8.5
2011-05-06,3.1459,242.677,9.25
2011-05-05,3.1499,237.689,8.88
2011-05-04,3.2159,238.313,7.94
2011-05-03,3.2473,240.608,8.19
2011-05-02,3.2788,241.094,7.38
2011-04-29,3.2863,242.906,7.75
2011-04-28,3.3106,241.34,7.25
2011-04-27,3.3552,243.648,7.5
2011-04-26,3.307,237.759,7.19
2011-04-25,3.3627,238.916,7.94
2011-04-22,,,7.88
2011-04-21,3.3963,236.072,8.01
2011-04-20,3.4077,234.883,8
2011-04-19,3.3631,236.47,7.5
2011-04-18,3.3743,239.272,6.5
2011-04-15,3.4079,234.809,8.69
2011-04-14,3.4979,232.134,9.5
2011-04-13,3.4585,237.242,8.5
2011-04-12,3.4904,237.443,9.06
2011-04-11,3.5847,233.66,9.69
2011-04-08,3.5772,233.419,10
2011-04-07,3.5451,234.519,9.75
2011-04-06,3.5452,228.082,10.25
2011-04-05,3.4795,223.976,11.25
2011-04-04,3.4179,228.846,10.63
2011-04-01,3.4422,224.786,10.37
2011-03-31,3.4703,223.025,11
2011-03-30,3.4349,229.774,10.13
2011-03-29,3.4872,231.733,11
2011-03-28,3.4313,231.855,11.25
2011-03-25,3.4388,234.436,10.94
2011-03-24,3.4037,237.38,11.5
2011-03-23,3.3501,239.564,11.5
2011-03-22,3.3263,240.13,11.25
2011-03-21,3.3282,242.26,11.19
2011-03-18,3.2678,248.082,10.13
2011-03-17,3.255,252.288,11.25
2011-03-16,3.17,251.465,11.19
2011-03-15,3.303,248.813,12
2011-03-14,3.3563,255.88,11.88
2011-03-11,3.4025,249.229,11.38
2011-03-10,3.3584,247.258,11.38
2011-03-09,3.4675,246.104,10
2011-03-08,3.5477,245.085,9.94
2011-03-07,3.5123,242.634,11
2011-03-04,3.49,241.402,12.13
2011-03-03,3.5554,233.687,13.25
2011-03-02,3.4697,239.389,12.5
2011-03-01,3.3921,238.344,12
2011-02-28,3.4272,236.168,11.81
2011-02-25,3.4125,233.386,12.25
2011-02-24,3.4477,234.636,11.81
2011-02-23,3.4848,241.041,11.75
2011-02-22,3.4533,246.832,11.88
2011-02-21,,,10.25
2011-02-18,3.5799,241.407,10.25
2011-02-17,3.5725,239.922,10
2011-02-16,3.6193,233.312,10.06
2011-02-15,3.6044,233.531,10.25
2011-02-14,3.6194,231.464,11.25
2011-02-11,3.6288,233.126,11.88
2011-02-10,3.6928,237.467,11.75
2011-02-09,3.6465,238.249,11.75
2011-02-08,3.7373,236.592,11
2011-02-07,3.6299,243.226,11.25
2011-02-04,3.6356,246.684,10.25
2011-02-03,3.5488,248.779,11.5
2011-02-02,3.4771,252.62,10.5
2011-02-01,3.4394,260.269,10.38
2011-01-31,3.3704,262.984,10
2011-01-28,3.3214,261.317,9.44
2011-01-27,3.3873,258.493,8.75
2011-01-26,3.4146,260.115,8.5
2011-01-25,3.3284,255.112,8.75
2011-01-24,3.4044,254.855,8
2011-01-21,3.4042,255.315,7
2011-01-20,3.4488,256.39,6.81
2011-01-19,3.339,259.461,6.81
2011-01-18,3.3663,261.06,6.63
2011-01-17,,,7.25
2011-01-14,3.3231,261.058,7.25
2011-01-13,3.2972,259.822,6.5
2011-01-12,3.365,255.152,6.75
2011-01-11,3.3396,252.449,7.25
2011-01-10,3.2832,254.739,7.5
2011-01-07,3.3237,252.464,8
2011-01-06,3.3932,244.524,8.25
2011-01-05,3.4654,240.495,8
2011-01-04,3.3287,240.406,6.75
2011-01-03,3.3324,239.38,7.19
2010-12-31,3.2935,232.744,8.5
2010-12-30,3.3646,236.025,8.25
2010-12-29,3.3489,239.767,7.44
2010-12-28,3.4795,238.61,7.5
2010-12-27,3.3294,237.929,8
2010-12-24,,,8.75
2010-12-23,3.3892,242.062,8.75
2010-12-22,3.3458,244.284,8.5
2010-12-21,3.3031,247.269,8.5
2010-12-20,3.3358,249.286,8.75
2010-12-17,3.3279,248.154,9.75
2010-12-16,3.4224,250.853,11.63
2010-12-15,3.5318,247.474,13.5
2010-12-14,3.4727,246.018,10.31
2010-12-13,3.275,253.176,9.75
2010-12-10,3.319,244.557,11
2010-12-09,3.2037,250.979,9.5
2010-12-08,3.2723,257.48,11.94
2010-12-07,3.1257,264.31,14.5
2010-12-06,2.9201,272.342,15.75
2010-12-03,3.0055,269.952,16.25
2010-12-02,2.9885,258.402,17.25
2010-12-01,2.9642,260.232,16.56
2010-11-30,2.7968,264.356,16.57
2010-11-29,2.8205,263.741,14.69
2010-11-26,2.8663,268.047,15.75
2010-11-25,,,14
2010-11-24,2.912,271.485,14
2010-11-23,2.7729,279.476,13.94
2010-11-22,2.8019,278.638,14.75
2010-11-19,2.8713,272.679,15.75
2010-11-18,2.895,278.336,14.5
2010-11-17,2.8766,281.792,15.25
2010-11-16,2.84,279.754,14.69
2010-11-15,2.9593,288.869,12.25
2010-11-12,2.7871,292.345,14
2010-11-11,,,15.25
2010-11-10,2.6286,303.245,15.25
2010-11-09,2.6558,299.92,17
2010-11-08,2.5502,300.545,13.75
2010-11-05,2.5304,302.697,13.25
2010-11-04,2.489,303.984,14
2010-11-03,2.5702,293.111,10.5
2010-11-02,2.5866,276.959,10.38
2010-11-01,2.6229,283.619,8.75
2010-10-29,2.5993,281.602,8.25
2010-10-28,2.6576,281.446,8
2010-10-27,2.7198,274.326,8.25
2010-10-26,2.6393,274.397,8.75
2010-10-25,2.5613,273.085,8.25
2010-10-22,2.5541,278.319,6.75
2010-10-21,2.5452,282.766,6
2010-10-20,2.4788,279.225,5.25
2010-10-19,2.4752,280.893,6.25
2010-10-18,2.5075,282.994,6.75
2010-10-15,2.5597,279.033,7
2010-10-14,2.5076,273.579,8.5
2010-10-13,2.422,269.895,7.75
2010-10-12,2.4309,268.216,8.25
2010-10-11,,,10.38
2010-10-08,2.392,264.401,10.5
2010-10-07,2.3833,258.43,9.5
2010-10-06,2.3976,251.459,9.5
2010-10-05,2.4722,255.475,9.5
2010-10-04,2.4758,248.128,7.75
2010-10-01,2.5097,245.741,7.75
2010-09-30,2.5098,242.121,6
2010-09-29,2.5027,240.419,3.5
2010-09-28,2.4653,242.688,2.5
2010-09-27,2.5242,243.125,3.25
